id0,str1,time2,float3,time4
0,WtFxROshvlNJccbxmh9gTqB4VPUTTAbJPY1lJA3ljvGrj3PKGpS9HjBE9ucQHZV8KxYjZXksYpVzRDyhgmIQ8TH6M1kvD2zZY9yfoZDdd9kxz5KdfCxZjyMVImzh5Ze35Frq9CD2cQF4sQ4mHCIltFDjPjGzyW2MqMCCaleqrUZFessp5MbuEBzvPScoXqtIK1VM9eeG5MnibBvKqSyXSfZoctD7Xww8thpPJ7J5U2e2NEJ9EwkpoCVbOAjaeEqbey3gXQUXf3MgFsfyTJ9QutMJhX19gAz9ioe2Hk5gMnAA66BYq46OALyVRG7RQ5hGs33Xx4y7e1sbu4IF2JD2IwjpZYSz4urol2k8BmKhZMrPr2BaAePLkXkX7vJCpErojPmxXF6laTBU2TXJ9geSJqJXP2KCBgY7fdPxm3ZiNkmLCVSzEBPZ7hK3qyEfLWXn6SkrKDWqf85VF6eMkFJZCETu1aSapNBOvHH9MaaEPZ6E775nBzEjdYdjejaOMQ3Jl2y9A4WRz53cLjwcorwz5W7V2hHmVpttd8oKAyCrvu7WvyCpeZWcnm288kzzqQRVACNwfbIjg6nSmvTQAcgrJRPU7KuRNMJS8h23kUWrNtiuKbk4IfoJJJ8SQnBREqxEhjgmMk515a79S7WUlR3wEZYVUogvtRMdagdxDPpw4lC7QdaHDsUJN7U5ebIrLDriHlYzhTGq5jxl6PMyiifPtzBLeccTWKpNk5s2jDPOf7NnQcQVp5NmmWGqtwsed3gtcMMTm3uwnTHo9pc5SbRjIXgNKYZPfCepMzyb,03/23/1974 01:33 AM,67869.8902642,09/28/1979 08:06 PM
1,TGmpc62DFxROOmOClnyxcsXK1bIUQ8uNQEB3rEjMmecOeOrCOKxpkEFwyZ6nVciDLscHqGbBONkTOwCIIw5cTR5snB4Amg9h2FWplCRGUJNK4v28aPjYYfYJ4lYVS5s52onzImVqwbDZgRs2yEYGDa5VuNJFQJyLrBrMCdB1h4tZWOuu8s3bGAo7Ou8auhWGOTIXvAyUZC4KcuepzEGU4Gn9zlI4PZnU7jGUnOBaz1PjaqVzPoy4DCctcvSUZ1Bq8cbAjI6MmYVWy2NpSTYHXGmWRvhXW8GBoAcCiEuwV31zSmHPRR791w9IKx6MM5sYB2IkgRnmSvz5eQa1QfZKnckOqDTBVuZUregPCY3aXnZVqryANwL2tswwYMEWRXvaYiRlMO4pzSYiQjaJcJqervZDD1X4HBu5g6c4e5UB4qbxyck8n5yhYSm1TcaigKH6l,01/05/1994 05:50 AM,129612.982343,09/23/1986 11:40 AM
2,oWXDOUbf6N1OMKfVbqvMJrfhZ4O5vy5xRcfDSLosP7covwMtJ3h7JNhgfhgbymu1GQYZTG77VZEXHdFdNYdDloq7xPuaOFu6MttXUQXKKkxth3es2Tazoi1x71BZy1gyBKbFRHreeTTtXgcW1DBKYhVjGjFbkttUh1uUgqNOgCnzXxWEeDceb8EW4MqI5sVP64Ttw5j5ipnjkUrDF8NYIjZJCyFBCzpCfnDvM51VzCDtsKaneYnttcyZv6cMaiKXkOQg7pcpGHYqpFcl93ov6EZeiYlZCcJbCcpkNwJAW1EYDlmQniuOqPCvKuu6MpSNeDHbPrN75Ku4I2Hq8B6ULYs6HT39YDkQtg5m6XCM23ZfnZcoLJtY9Db6ZM33rZ5oDuQei2uEweLaFWsiMoccEkj9GQeTN87zuXb5M8q8iM9zNjuOC84yIpBP1bc2KvEAxSREikCxsjdNfjZvnC9BYh1QhKjqQXHstP1UioiBBTMVISDeGqzykXomAAnVYsOaLWYPTpLhMT9NlhOa4NuzKpzkn3JTLaipZqHJ3Bj374XqzB7BkA2txN78ECkoGzmdBcIRPF1cmNK2v2Z5UPJJNpBXLpLHiuJTaPA4PFkHZR9shOLF4bKd21gbdzvQesGLt4uN8xFQIMiyc9ehQsieWezW73kO7QNmR2sGCA7Rmn1RSKSgnzNZbudLFmhe3rdoxdYuwoyzCWiPy8qvRG7XxQJodwpIDdZtZXmbwqECAP3h4tptkX8doZNRyDCWlEEaQL5plnaW9WT57aXvsO4wc7LYOXcbPmu8zLOaJ8ephWQPrmb8IjeadJoaucVjagC6w,01/08/1975 01:30 PM,89398.670222,12/03/2006 11:20 AM
3,3lDt3joWSPLFG82MPvkv1RYw5UtSfFQRmduiFJyk4h94Vi36tXVbSWWLUsbpHd5MRc4WcxYC7pYn7ahBD,02/12/1970 04:23 PM,493970.578999,10/09/1989 12:00 PM
4,cJCqV78eSFoYVv5ZEd7ennWqfhFJE4fGz4hQIIjq3ajzGWErhytvByfknBFLAyDP7Si7i7VQMl2i3m8shyNMc9AdmRpW9G8z4ofRaZvGhN4jNgRaiBas75nvr3pXG4TZiK1uFn4XRJOtv4xYpj5vEhKIRq7MolXjQzhMRW1JQjGG757IfiGHCIXLjn8O1pUsWIj3p2jYHzWj4qDH1iHnrVQttYmvp3ryEoKQ6h5IVdHzbnkuWzrjmI8lJ1KNPIU34HjYMiy9wgMo7yh2Yn1ZEMv9CdeBjseU8obLijfhdjtowHMoloTfJChJ4NyOQyBg4SGy9vutpvgyPjav3cYR2o5RSVBHCq,07/27/2008 02:01 AM,664225.836564,10/06/1988 02:26 AM
5,3GCKHkSxomnjc9CrjGztuJU2gqY5DqVT1JEsQxnXOzshwJFg51HHaqfcqeTa5g9MqYKe5rrvfta7h1abiV64RFUNaqrxUVtORNex85yvVns99Q5Urhd44abjcDUAKaQYxphrHbLBQzVdx3JpxDw3Fn1a1QaG5OzuoX3yYmD5UZVb5aUk6ObzYgYWsdaSQq4NdCmoESyJ161YTcAyZvlVxJ2Fzsuqr5emot5IrMUOUcnXUcdMMKcHwj9C89dXElRTeZgeFJUzHvhabkSxQCVogjsRuMElBStIJMFjX3cSVrnSXLovFOKzI4ghC2qBZaQPGeRa5sI1G9k9xdjZW6X28kpLJ6iyTexQcZJqa7R1OiD8PBCCGVxpYmukkwqXHJGlkm95zheF5bW3rdJKyNMPgQZcBMlHGysPDdJeyYdf7W2a45c4SWde1KG8VqvKiIgiUCG2jeW6yEB4PCC11X1DUGQIT58GcFHspf4CNpP74epHtWHWHPiNZRrn4HBykdjFSn6OLPmGMAMVtgB9DVEZ1hNpKrn,12/24/2012 09:11 PM,740863.396162,01/04/1983 07:52 PM
6,IFxdWt8gH88t47o9OSaKmPSwXhp6j2M9Ifa1Zb5Qm8AC2Y4wrNzXxG9nurwMy8z8Lax7KFdoLgQlAqpTpYkrT4ULAf5lKf7F2Yi8TSFKsFluaGmVUm7xkAJsFd4ESqBgnphNmLxm8AaKquPjvEGOobligWGQYy8CSwswtqXIKyTrGXQVNa9Tp7tK2sj1MK3ajrjSKNAY81MSl8iWADQs9W5BqC3oy6Cu9v7nMXAYAGK5PZSwxgGOR63fM6F2A9U9DImiyzKC4egMrIsUAtDBzfeMbN6LaqKt6cmWWOBbPHz5mOnTNovbg2KgSMwQkqFlLBanvqGz3QQGgVyDf7XrYktzPOVARb6HuJbeWAbLIFrvy28VNlhnC5RkUzVxDTwLnwqjNenqkxTJMLYFVgITbbK37nBQgjZYOmW7FawTafO6mm9arPZQ5Q4CzOtJUJTrgrDRnH4Joq4RFwW4MavuYifWqHNzLdSGmYh1JokpuhstJLOhQ4QtLwsm7TzyGPVSIedMn8Vxplnhbi8Gi8UcLGM4EKcCgsXZeu1xGwkkURUnklye2giqD3WhIEiluNNCheALidJ7Ludwixg7R3KO6pjgxMJV3uGwyoGR6RIniYl4wKgaSZsMCewNNyFMsXdv8YAK3lcGcpi9oY9YB2XmvkQzQrB1nmyps6TpxcdcuwIf5j9MNo4riyRE64oKnDQUH4H53cX8qyoTXHpA3vlDW83rMo6K4DqwwZ2pHyufjWnVWflTcMbBTMI4AMMgwyJ6n3CidDw9DM7TRUiBK92bXDW59yfV4Y45dWJGe7Z33HR7R3xh5r8GGpJX4m5YFD22LpQqe4MySxmd1OU,12/08/1982 02:00 AM,163293.945961,03/20/2002 02:35 PM
7,hbLmEqn4KqwUBN85v7YA2fEdZDNaY3qTviBgVAjhlydRMIkebvWpSzOPmDG5yGTtdw5end48qsYGsLjBfBAZPfRXcIic3vdXmErkxxz34uwhvFGHO61yqAhZvFAQ64uh9aTuADVtCeSjTR8ODyrbRuvkEj3nvqzpB7A7WZOf1xO7Csnaen8hOyUC7c2ALFvbUl9yuBBQduZuoFwEFarZerIUEUFqSzPiaxMMzP3wbLNAwAncxFV4fp3qyQpza245EYHXzYb5JzWAYIc6i1APGTVR3FlzTt7PxK1kFimKn7CHPqw2wdsS7yjr8RlxNrKazTjiyMXz89QpFA6yZO6UXggY8ifbinoqCrgE3jyV9uCjetpXBlKY9gaB8JJy6VHrkFzjFnKFSd4zjF2R77b,04/27/2012 10:42 AM,243282.643455,01/15/1971 10:40 PM
8,tlqY3GlRbCGeUZYkXQ,02/27/1988 04:03 AM,691143.520759,07/10/2007 06:08 AM
9,3hO4e6WYcU5WgFzxwvquaeciQjaRI9gBxxOeCUdtoyxm3a7QOxH44HN9olB4hAjjboiWYyOO4LUYQHDB4jgsG26KlElpEWiw369SMIQP6KyAbeZtudGiRQU1VwIBRM1qnHqsMcOjYkaG3KwFZRckSdQq2D7J4ci8hivokDG1C6onFPGFoblCBVVJioetxpmP3mtHpCNzmyfWeFArhTLsAI4Kkd8LJel3nitsfAtLn5XMRi3jRzivo7pYgRaYYhxtPcON6u2xAfTdHujya489HdiXaPUwnPgsy9CvXsAwGfxxZEBPv5NVPu1kc7tMYRCOhi5TBwnEjxQYxRzzxaublufEkVQUn7uWmxw8zmGeoxjxYg9ufs65YXXo2Htl7RDl7rCNKzZQRg4AebJaW1iDd5GjWAr9al3LrvoRSh9ThLuunZv3fE1cvOCupFXa9wENwbE,06/03/2007 10:23 AM,27473.2405796,05/18/1987 12:11 AM
10,HAwDjDIoL5AJZd88AkZ34Y6oGkKcHFLYZnPoxCcPBZwTDAlAKHgSu7GKJEq3wX2HxidBbFGRoolNv9Y5R5Jj8ncaS4PEX2qPDcBnd36OSfWQmsvmPT62hjJJWNevU5uBnvMAU9xBXO6VhlW5XAudTTmYwA4Ziu5ajr2bELlUV6KBDea1oksWl6s4WKdvxC2P8q7ulMqKMpQil3AbCvpW9FMGUZrhl2huIVGM8sBADYYGt5XqDjjfdVkQzQCwDAAHghrc9TpVi7TanUtx118qWlppnaucqQjZV9U3pGCxoUIr1VsG81iXEDTTcFfNpP1ZGI8ozVXgRbtlDw4EtxkyGLiDYL8hzsM9c93ToA5YEOLPj52iKaZgHv7tsFEQiUjcw6p9f8egdhzC82IF7zbMvXaPVZ7nYGPzRGVEisUQYoT3gOvkkbrU8cEs43YzWTKFnRqBIwLkrOL3BdBjW4on9Wd99dDwZxtdMXr7zfXpX364iS2OenNapaYsGLTVuwxVeqq6dAmDHSW2Zr8Gp2CJMnELb4uffKFf1hsBUqCzGtHnuDxoEKrvncUBBJ8Z2NHjqXzK7YeDvyInY8jrsCQcUfrdS6a2tuZPLRqBFlZE9R7kBJ4NWOAagK4VeperkfxIzTCCX2EaZepox8j6k5slJ9LNTeg9RmZf5KjyTW8aj7stY5Vv3Hml7U6GrnvvrGF4VnfFViPBxdZSQgc9R5yizLTjdhP2vUv61OhkgMajsU5ZxC5zZztQqtNYircfQmUVDH83vXivj8rnApEgHjlc3ER8AZvTnhJ44aFw1mMawbOGSuqpxR95hHIoCWwuvyBJXpZWaDlTfhtl1mpZJpDVhNjdcuoCclZXQjZCyxSZClgt9CaQMERPQ4otWTG4twqcx2nR56JLj18BMqGfWCTgYCONXf7LJSwBj6HAy8qloYxYUUB5agfptTBnpiSkSXoUWbjYob7UJ2NvcNBFjXGPDs4llawWU,02/17/1993 09:35 AM,194934.409742,02/09/2007 12:55 AM
11,IGdlsIn2KG9FhVxylRVJLK1f1XPthT6FBXlSK5KXEkvx81QCFslsbhpjJcuydKUZfY4ytHyqPWDrt9H2yfiErWXFvYnoXAecwIptuKiAgKYSXOvmPkSLZRez2EBQpQLs1m2VNeHcU7x8np5G9RAE7si4rsVkPX4Tbo4IVgbZMGDvFhyUcQb8sqYOl7KVRUC8SyjibzC3paDzO,06/13/1991 06:52 AM,164169.003186,03/28/2008 05:23 AM
12,X4MatLJhQIIbfMeng7NNIlWOxDwNwbRMX7FKyHfb1KReCPRs8Uw4nGoTN8gZYAXEaCskHxqVlJSfIdYF7KRsSw2j4fhqgirUCtLVP3yB3XDwQi23IqRXWF43lVuljIxYODmzZl8JLQoffRhEQfUtLqkXgfPCho5XgXlwIIA39IAyiVAc5OjT28lIfpiHNEu5tsVP4BZtgzV9r6g2DROC1e3hRyp5UkNQ2jFBgN4ZLKVljtTZzA4UnqTnvBTYMjnAq4e3CuDzDWyKMufptEFn366JENbmpZLdxOUwPnYKWmYVV8GOULpqysLI96OJsCeEgl73xtvT6NYx5hlRBGIbh9yYitFMVXoRlQYtblJ4ai5sUFLBLjBgKVYvqPVwHkkKen1Yfxne6EldXVzfMh6oTOyfCnuAdOkV9nqteXMHPNaOW7G8M3tYubwRmnef4MEZy5L1WRjx2ecUSS9LYWCtTJ2PUqKB4TIOE3BrjP2RCAuGCQJFkSOSZT9cO7gJUjA8s6XGajW1OOsV1snZzpeyfNhYGxQDAbHRNjfMwanPDuN1HVq5Ds3S7Td5MwzdAAjZE4monKW5SWsnwvjLTbvabh3SKEhiL7jjU7X1CneB57SUyffiHhWvQNukgAJBkPvakQ49RS7fwAdnnZ2r9KIeWTUbEm7nRXVT1HlAtrlwkNm8F4WePghOghzKsAFeQuRkXRPOAoOJM4ZzYUPnRDea9uevJFC16983OVPCkpj5LvwCaLZjIp7Q37yzoCtZQ3VjBwr7XehrmqQKOvUowC2H47GlrXrEb2TeWJoCYfnVZVy9FZszKHNjIGh6sMqRpdoENB1iBRYT7g8Kd6IywL2m7RdBLpMyrN1irmlByb6YsIHfLemWRTNZIzGIfhe5np9NQbxjHdW9QG5U6xGmbLURiKuX13fotSKRkfFciCUPLxObrVGBX2n,02/26/1987 06:13 AM,251396.963561,05/26/1974 11:27 PM
13,tmgpWylKTaHoUmuxJWbkln8U2DSYUFZBZkhngciGJQaaSpVLSaD6ReNnxmQTjfSECgyclS1b4iTqDMRNI9rKS95QAnYlc64Q4nzPqYXPQMTJSyA7iZm7yzTBdD4YOyGbdyJvcKqOOUAyuPXP9XFRV9Pb5ny85YLSohxgLNFo8lmIgg6FXHNnZAGZWjrop9I3IR2c8WSqhhwDZtpKmLIex2oXA7S4JlxFZiPnZvwqDEjnmOcPmjsa,01/25/1987 01:13 PM,956437.392936,12/01/2000 12:35 AM
14,pALIjF7VhDTEfXNrZ8K463bFhts4aKfuccczlzfvIge9F2P9B78U1e5LFbi7Fs6gIHgTVcqvkreOYb4sUAwEQ9OxGBaf,10/17/1972 07:33 PM,279235.58242,09/15/2011 08:12 PM
15,GupltboBKPJdOkpFzBG8Zke4lUMrDX1BZxExVSSmqIHQswv4Eur2D9kVNPcwn6wneunZSSNU4WKexwipoQwuLjblHs8HaLrKpD8mHd6g9CVbVPjEAyGWUaKbS5z6JCFetxfbK17UxtdpAFII358rPlbvqr4Uy3vCj67boUClnhheejsBCGuHlKTljwC9IzOcXvtet583ThTIcEW3XwGyz4XAduylSzGZgwxzPCVH58D2eDbmDFED2j3SfHmBZXfoImUEbQH8ZZgWTR59QDaD2y1S9G96psWwbd4R9YUWDhIAVSmJmDOOVGqywSnFv2kP2kaLw2tOyTmC9eJyddK,05/26/1981 02:54 AM,311894.151891,02/05/1973 03:37 PM
16,fsQ6jobFZWRlTAMa9QPvCEhIl9XXZrQA4RtlkgvLgnbeuSBMFFqUQuwFXEfvbZTCyeXAzXCC6qlNB9QzV7GX8dY6Lgqv5e9YHzi6yPr15s5G4bPMWsQfGU9FjxlHVYLX4OSIF8h6EapH1xYiogThVI29qH475WCeN3e8Byx6n1zw4vE94s1nszTpe22B9Pe6YdelDQp11HIGjyqzlI4kzXZVXXDQCUswXDuDhl5UBjE9odPa5YWHaVf7fPkA2ZjfmHgQynk1FfVH3cR5hqhzr7pUMzFEZF2IhgTDcYtjpOVDeAg9bYlJOMkfJTqLGFAVTQTWL8td7YHJDULEwoTFWPynVQoLZBViGBeaL6TCYk7lPItlaCZcQBXmZWK6d6AfYFFPSD5AyGK3c6kzyV7IWPFTZv9GG1ckGDKHYG7JfFOT9jflyXX5PSZI11oxAeDC3baXl2hW99qojQOLXW3Z3njY24lYeNtDWrAHTXLyGhLyVYapEF5EcfVaD5ZeQkbbIGf6d5x1DZ66I2J3MSE1SUaaLV2aahP61DFanzpIgGknIoN5QyGICyhRgczUYrMdwdprs6u2rBXKQsAwS838ExDBJvaQffPR72GDZTCNMoZgptuJ3OsLJKol7UQRPac7sDKTZcqtY5QA65mDBBkDQw6qbDNK9DH1zzT3wkJFIGXEq4GgARUVHcRyBZWJbbv7HrK7NknjpbOOucWzM151z7Q2fYrDNFVRWBhlx8HZUQ3S1q6ZLrYGmOMkRienI2LQKheSRFnmwoTVoRMH718tCYqc3ggCSSWjHKbYnwEcDAuP9d92KYoI5GEtt38dWYSsOvjfC73QOW5jj6ptWe7YePqI4qUnWFyjjDDrAwK3uoHBFq9Mtqih3R6ttGtgsINS,02/05/1998 11:32 AM,547507.952494,05/19/1974 05:47 PM
17,S5oPzLuGrfcUsgD2v65d5NKtJhnbGMcg96XGpOkbSNk3uREmJD9cCC8wl97ZeOa6xMvrroOCUIcgZ1ZDyeBTAgIkpBgZeN5bD5Yhze5e2hf8TaPFYRGC4gfYstWag6Wd1X86fO2EjqoHmqlFq9cECt2uNvOyMvroCQlsIIrm5aUB4GvRUBiytp1oOcSdJsLHXhUUqJZZFdt4IhDuy9uJrPIVgCvrkk6TJt3QkPxmpEV1ylxqTuESx6jR2Aqa5IjlBzz1EKDP6FQZ6l1MkQAPXOENRNuHfHOGYQM9gdbYnFegDAU19nFtGGoUoxBwacneYuZLmjNs2FdBFTjLfiRRZA1LIyGHE9lKVEhjup9OereabTedvu5cRQi79pCqdXXJPTNBwg7P7hmq1clE6UCb4qbsmVGeOfob1l7ltzhsrLMQWZhuMayeLvwcz9SMYcnuaCNsD3fnh3UnFWlixVB4tx5Sp1VIfkFG93KZnZXXmKL9VQLUXFyPoAPSGEOToj5bBkWshZpyrrKYl9Wn7rzxQyAWnMYpopqtTQDYrphJ4Xlr1595qrZWU892crMWRg5zqJzaZcMYSEXLSDnBORTyNKqkpCWUqQF7L75FzZuUkXWZ7GbCfD6954jTUAiP9emF6QqYSpYSnnivuS3HBiDp4WCBSE92rRxR3ijQZ2a8PWBwG8UV8svO5uZ9NwIZnC1PFwf4Tiz4H1kB64eS1b7ixYgx7i766ncfleRq8Gu3FQGZwhMft1Bqco9e8wnfjV6VvO82Kjlc1nP,06/30/2004 04:10 PM,488438.872436,03/05/1984 05:40 PM
18,XfdcwNzRODwU5Tby8z4jT77KcF1gh6jlckKr115dUPCE6OVHXbxDHlT3PMCek4PApiZy9C98LBCBHiCG9ybeio6rvBJEdzsRoqloVfqkFEjmPxcJV4QXIPlHI27b1y8OE,01/13/1986 09:48 PM,606909.786913,03/08/2014 05:12 PM
19,f7PMgQcxNowiklKvDECfCGuYZDQ5eVjWfpGKi5oN5XZeRP4jeKMvgh6YQjcOjZMBI9ffbKZvoNPQyLJZqZpXOELz9qllowlewoeYDcJClsOY6dEEL9I1akjI9hsmLl1Jln1YNbX4tZ3N7ogTopnFRWkrgL4iqPk5uaJSSnUugMaRDe94a5GnQ4DtBw4reJtZQpPhYlCZVWlMC7pbljmtEfOFneSOJiRLRJP46qo5J,09/28/2009 02:54 AM,769795.177503,12/07/1996 07:55 PM
20,BV1qRGicpVJtMElsAMrYnVrOyNZtbjOv61kdoCEmO7BZOu78VSdhZ5QptieUgLhKUdEhNYZPB8PceILgXahogyM2ASdQ8uxNVQlXdvlRCmaemCGxj7J2fvoIy3kYcWXG5JlJHb4mxhc46hwSjM4og4PWve8jopQuTfjHKUpjJaHfQREWksj2zfim2ovdSqFoj1iZmb3Aj2ODIIapzVPs6fM4aE56z7Nx14h8CXUT1tbFTShg4AOAzFMvggY4qZjwcbS8AAWXcm3MxRHYOhevIMXDsoGZhU9tRAR9UDZeWKHY9G4ouhA2aunXm8ibsDz2jqWxIOR5yL88xe1V1UwVDLSHyAH6LiNEXWHKe2ZG9zZarEN5jcg27CCOi1mWhnZIeneWXPvocE4oT46hY58pWXKR6jAfl6yNGd78Nz27A9bShXAQt8I8MBNX65c1rukd3Kx1VYNU3twqiXta4NNZ4Ywg1x6MWng8Q3BvHTBwXqJRx4fziHmw24rEaHK7yv7faFDY9hb3B52AunbqCchHXyl3LuJ9pqASKZolNmgahjDOtZO3QfMasJuxOUHu131zqWgVbOccQLcdT2WfO1Ro2guUfV3olgx5GBYjekzteWof1SUjOABTrKoRlQuWcr8HvnHqeJ4wr9e9nz1OcdXoZgFYVYiP9b8Sw2WgcGTrniDSNSHP8BqP6Fvo4AnPnSntIjO1ivYDuxyZredf9NIduuHdpz,05/20/2009 12:29 PM,270594.500393,04/04/1980 12:52 AM
21,8ZzbD1RrU2QNrwaJZUYZq85fbkz3bYGiX3BUizzLYk8pBFqc5xVQYFdu18ix68Pw3p5s9qag7Drvbf2ChOsN6J7QQBYQ8QT8tcJgiCrHfpg53B4RZQoBYm5hXoZJmmKiKyou2weDW9rYxZQ2AGutLbQXPDYOlDCiNeFdSGL7dyZSaYRLpwLOhb8MkIdoQ9yXJNo2TG6o3jwQ7tBsu4qIYE9oj2LHGnd2H53hNYaTJb1yX9slF9jGOpa6qmiUUiqqbZNrO22aWBuTPPNg4tWPrx3qzqto5dbroHDnmZmkew6QiKhrxgAGMvfnJT5seevtKcoQbuQ63foSownReZzhmaZbKcaCCSa4HEwDm3dVPWHSZwDrApfGoitctTNGe2wWdz3vg8GgQ2UnTKfjAS,04/23/1971 04:04 AM,734192.187439,05/11/2014 09:09 AM
22,HDaeKw11xI21oxTtW6bJNmDzvxNuqYKOnZ6mmJI5z1eA4hdOeBcvWzoLM8RciAEXmcKUIcjG8TNIyNJeaOl1BlEudIVyh9XN54c2itUVGWxtFQhA4Ezcpv4b7tcnYenj6mBQBsnamt6gdn1ot15Ov4GUaa68QWyfkJtItMfXtKvszSLq8BgkdXTnCl7NZWzDKh1NIJYumPQRu2YCT3H2ZhHmaAkqMaXHmWv4aS7wBNZVF6yLe5zknjHHKxMyQF941Hj1NGFJLkXEN7VzvFFcrdjZ26FmHhxXgc1AHeoIqadFkvItU3fFI6zRUrYXhpAMSWK1H1NjRJrYBnYk4KEPlReKkVNSRjasLXiQ9LcjW3FyG1FpHVYAdmi6NgAlwYh7A9icimefCltVTRMYIuwrEY8hDj8rTI3YEx8h1l9MsoQWH48Y2PYT3w71SJ3BbRGPECb2YrEydfPF3Y3yJRcpUyHkdBiWgsE697Eeh7Yznn726DgHZZlvcQBnkZXveSOq7ZxhmA4El5gb3EgiRUvRrXXn2mpYhblzY79Nb66hahD9EOAQe,04/04/2007 03:53 PM,638037.673696,10/01/2014 12:21 AM
23,MLdYRy2Rn1m8a2vaRonuft7sly8LxiFf5KtfoHzX5I63wkoqll57B1ziwz2x2CvA79aM2kfx1woz3GJnbg4ZVAncnUtAEwkGKByBoHQxfScuQZCtRPKGGHlZ6Ec4Fs9DXleLPVH5nKeLK8GMTHFxQjpGYY9olITSVkYHpOsY1fecfzM8kQ4GtUVTTs1pfJWH2Xs8JVgPDAF3kHbp6zCnmZ8phcfS3otaQgAnD4TYgO99PA54FbxRbJiqxWhW7ivEc5mfkZV2d2jcTzTtaCGrPaR6oZLBdF6OBpkJwPzPbhqVfI27CzxEkFNYsFInFxI13Ac9ZrwkusDwbdBvCtpDvu6IghBOLgJcqz7mej2PlzAiP4IsZpRV3tDzaBAozifdBQPl88CtpxnTceVb719V5QeeMhCGJIqHVHnkmy2iir99hrcWsn1ZDKsHHeKwHBS4Tkwm6XgSljMpTkP1T63NjNT8LqnjnfUF1eLD6Qf85zdDXFeLiojzTfoZDFq5CzWDcKY138mqwgn5szWnTwDvZENL5dXZaGaTLQ2ICxNtIR4SrVIBkfCpeNiMCgAohhtoXPqRuVf2jifP4MzPDEd9pR56B4kfFiAv3xAUGc9KIcfEXZ6ZgZWeFT3v5AR5fKTN5l38cVCZ1RM6mD55KIsE5EazEgMb6Opfx8h3C1dD6VZLvsAYj7H1ca18t3iQPRx5A1pX5MBtLhQpmCYqGaLw3mNiWyajDAzPeOQeoWVcmL5pycsHxEcxCybrBdrh,05/10/1978 01:16 AM,775690.407972,12/17/1976 08:46 PM
24,DCTqzfJ6FeAUwlo951C45kCU2n355MHejmgeXRpiBFcHwcs7qbrNNf4fDc4eBAtX3MLFB8Ho7IPwmrcN6Zbm8a8yciwdoAIiA7KzCvcZsyhbm7CXJbqvadajvhlJ5tyhLuSHT7nWW7VudOsKb8AlekEgXIc8ReuHauA7DQttT5XEJ5mVfyh9ulFBhEL6NU1ZluUOT9v6Q6rnBTqfJ51vmUweGaSWS3ZpUeuqCiErw1WB2Yurhqgn792UDRKsNT4o9Y1MASlAcNqr8eLiF2XbDNKWVwxMTxAnlZ339l2DVkWYQgR9cnU1cpt3udrBH8HEBIIogCbr6YB8HKe9bhTjW1uFz4ohWfokZcsvhLy62VgH97vJ75p26CWeMDM93UQrEje1BXYhbORFQReEGsQClUxTC7dKfA2wdoIfellVf5pU6DXOKvoOMaiuAtgsJtK6D8fq5tzJzKCfvPlz3hEQnf8qYDMFVLSERwTxpqCIfVje6VKAsyl8Zx2cuHCfQ8KDFGz4NQLT7GJVrPkQnZ6YyRe4Hu2ipUglssf41BoNXAV5XbMOJHMQgHjCZfaT5AIeXNsIDSctFPsZ28JwyK4rHVkieWdJsdU2F5z7XbgmTMaJcU83ia5snNHGAWGmJISaJNKWqDQfi2QmA6qnObF9JnfU1arW77Lwp1DInNnT31HqvLa5otYXI7t67vU24axSAlQsAGV52EzM4LnYrspJPF5gBExiMLcjjDcG,09/08/1980 05:40 PM,348525.595574,01/30/2009 10:15 AM
25,eu4dd6EjZzT8J8VDJbv4fpwjwMAaAD18olOOIBkny6Szwf41ld4gHh99SYgyUkViITm7EOfHHJeiyjf2CFWlqI9sAKKKw3kBRoqbkImBjTBsjlmHM8Ks3UTKnmnmfN9Kof4prXf92RN1YavzDXRl1hCYZFWMjMFiSuk7gqABmXe7CctIvKuBUGKl2mbEvdQPK1DEQT1WQKhKX4vyJX62RGAFv9ZSYlDw1eWbR8Koi5rKPVQhpwVBudCKzVK3uddeMFqF5Qxx8qzwpWwUHidoR42ncoD8vvYLmU1sJzARjlxPOk3XRZsXWUzWMX77h3ShDMEErYm79Ux3R4akyuVcGG9SJXt9dvUkU91fXlL9s1IodG3MlFeDen1oLXI7FMcycdJ7Ge5aMOmsPtJdqJx4uVdyr2wOgyvtQKcjz2XOLHNBAhNyan8hIZGeOFvMObSOWcACPX,02/05/1979 10:19 AM,258923.553611,02/08/1994 09:39 AM
26,OlIwu7Wdz1KCRpi2BialJTqXd97s97D6JlOSwtHAcWevh9HP94ovZ9FdMzfkO7C2EB4DMmfBXC37cBjbqBLxhm7wVazXrmh8BNkT4sjQOaxIYYUjaYeq111BpdLMmw3xFanRdZ36c3yg57Odq6WWjITf3PE8sCH4L4yfEEt7FI9StGy5ifStaXjwRdxF7ChLuOESakn2A6p5NuSj5N,10/29/1987 09:51 AM,745823.297242,10/19/1985 11:26 PM
27,vNP8yFaaZTzt7KekvKAFEyIM9wOLepcQ4kF1qm6iwJlafRgYfjOOVX4fjfcB5l5daIYyNeyYgWl1uXrLUkbHPrx9434kFhGGzEAdd7n4qMOEI8IqBtAHwb723zCS3OpY5V52hNdZj1mBqyJjkPpMQrA2iq8U5rkHsgzQAAlXLiH9ik7qJ4ZXoleGnnoebpW7S7lIktD8vvojt74GpwFP8KSxYgm9zaUYPTHNTbf1oTPgflA56ffqPZXisJjx81uryiBO6cvyrJtAvGY4YeMBBUoMN4zzORjLqVkiQFMp4y6EGKfVbVUkqaumErsAFQINsddgsbPy4XWRmtsCxTbtQeLsVbiqbHSiyJb7IoifDHDI4NlqGZBWFF6geoH3gCFfxAQO56alLZrYai2bqbBkIFRHQyV3woKQA5WqkNlgsNkjfEHGy7qxkOPOBlRA3bh8sFUNQ8qMOmDrpM5B1sQHs8sm7A9y5Ea4anP3f6defFMj85vUNXcWtStMAPM6wtdNaWYgxCHaUG2ZSnR3KoPraij49hGafqKe4d6vf9oeN1Fbb3m7k1xVuan1VEACAzglGIb5Xc9HnX9kIxTpifCxhMEBWSHPkBilQRfmOBdUcEVcHlwWhHuOLvS9QWoC7Y4IwyX1T5sQJyrtEqs2uhuSRwiDVPJkBwDp2FsXHTvNs7WvxSQ4tU3BSrd36LrdN4EgQXGg1OIAEUhO3YEYhLvVGyLoA81oglVP43MuPoPdPoixDG1,06/10/2000 04:15 AM,957716.603742,03/15/2006 09:30 PM
28,W7RZkdEcrCMexsIJmGQhv6Q1UIhPUxDelDYgDXXzfWyk74DThqfSyjLkSa7dzED1PvU77M8GlZiN3ZqOPXWKnvSWLrfNKhkX8Oidbig2B8GOQw3iW3P6wxUdT3HLYtZ8izSkDCl6vau6u73tjC4PJYieirX8oJrT1HXYDAYrjh2NTOzi3rwyxowLl1AJCVg86MPA6n5b76Wtk5nEzHut8GZ1cCsZ35tMMEVFypUVCFQdfsLEKZ4QR1njFEhiv3V5dFdTgrez3mefEf6b4yBeq9qplcqeBhQ9SBj9EMYlZ5R9PcnNQ31MXn6hkvoW6DHagN2luFJLsQ1CyZZKBbcZKZqtjlyosNokoQSUtErk7rjsHbfEQ7zjbC53lYHblm3SisVQROXq4KDfyQg9zzVqRX3EZJq1jevVkbSrt1TSaqm8kRwdLYNYmqqSl5ZPXd5TxqNAQKw8iQoPYJVoA5NUdUGUCfJVrdnHtGMmRwRBDsRVa49PtwsuH8FcrFB65GU8hRa5AUQZikSGeEtCY4SXYMix8dXaTapOjr8WSprsT8YN7LakKFVpo16NvXxC1SOy348sCbx9p1JFfS4gk1B5r3fXykkXKcBw8GMyULFhx9yUlRVICUaW4VVfTwD4vE9CO5OtuIaPIEgnYoI6J5a96LilWUDGlBGg49yFyrLIfadlLeNV4zjzux2dCAY2awydjzalfdnXcRLFHFrJgGEAYdtiwDa6qeoOEpGYo9l3oZGZyw41BKNQRF88xClPOkOV3VedpJvRUSauI5VQMgW93YYoJSFspQIyeOf1kcS1OAmjMwrq2mlkHQczVBwQVJSnsJq1Y2Rv9vXBvV2AdfIV1zMvpJymOqWWC3ZcvdCmJhICHr2Ab8IFznfbJ5cDFM11yXQnLysMo6V3lhnNndItwgLblSWInQblCkMeThFUWMcnSgjEk3SR5NXTagbsfqKmuiIjc7jiJA3QV8WJL9TvqOqd2nhxcLpdtX,02/29/1988 08:28 PM,978518.602441,01/04/1998 04:53 AM
29,G8oyZMvcvLtCa8XSjQcJgNFIY8abTwag33OKUHMKLvZGfmHw3kw8XKUccwIHycnvFSLKQOg5o9OEKyqDWj6u8QczSggRJXU6BjYtakhyCn9IbKpCmFLjxRImaOxiky3qTUbcD63QAXUJF7vWlkeKDYTheC4ko5m4nVrvQPvzhXKZfZIFJ31X2BQLh3AgaMCWQiWT1pd72A974fPIFgxM2nOIouUihllknTGoozOmEDm25xdf5y4KDIcEzkukCvjmFNeASleZbV1LwY86mawebhadtHZofrCPwJrkUH1QQ6V42kRP2ieIDuxdcwJ7XIqGkcLVlS24kMJ8BlcYxdU4IJ9miUBpAvuyzCqb5z4DKYRs6gclkm15aKEtuUpCqtb93O4jQVDOe5kNXiWOhmXgaSP8ix7gTBsGcCMZL6WjitIx5Yjcj9nqbn74WTpU2ZK6CbuCQbSxl5sXsm7mHi67xZC8vmq9iY5SX1JmYI2x6ptvAnUnQBcDPI3UQYocFUlO7ZDsU5xLYHklWZRpsypXns2BzUqqZLtxn8T333OpheeCEXZT7gwGf7zpARaYigXtrGlHJuPwa4We9nFiJ6xRhGSp2linfFkQZAvQqjNwfSB3k6dInMRX1ETsN1CY7sIdRFAYg4jOaZwpvxgsHvsE4SYPxouWHARYgVsSoDMAORV9rYKCYYAVFvmSKfSzgfgBjtEeBC4prtdHd7rSP1VBtYLuxCQrty4jYXnqvF2,10/04/1988 12:38 PM,991486.514865,10/19/2012 02:31 AM
30,dukkTvOtMDJuWhoXQ4nuTt16iMOhXyOgukAfNkTMxsobANGElN65chUqIBmBHeSbSHc5BrqykbWgZqefhTC41Oo8taW2FcY35bLtXBDdHKELMMv3tCgt6kIXk1TNJFY3E6o3zRmBe8tL89wTjslzVx655MzRKN8TU4ZnNGGRvFJUSJM1yXmBAbGIL6XKXfJnZ6A4C3gj5Ugyr5K17N8JrcW9d5nhInsiaxeMGvUYtrShosFCY3QZ7UhcidgmoHkHq8yuqZglWIwPwVgAXIPmJPm297mUI2Qf2qKfzKnmjRiOk4LFIki7uppy5kMqfSGC6DK5bjnIT5i5ZXqzjy5QrM5tUZlPIqJuMzSuXXA7KYbIZrBuqdMtJS932nlLjo8xuO9wK7FiUuOzNQTtqDDtwBBBqYES2LFq4sF6h9Kz9P1DFH28zLjdJypxaIKQtehIoQZUOrNSpNxHmgavEb5vqcxSG5ByWjwf9jIkGwNjVpVNxiZwCw8ZvOoATQMv5WzAbPa6lgVGi3WEsVNGbm8vOh3NbS4Xh62yFmcmOlVsp8BTKDJXa2fhcIN5w1Vjt1Y6wgwe2JSX7gTA3Hrm4qyeFN2E6l1yZbgkxgKH4xCpAmyzb3JZKQTgmDOwQq2BIszFX2hOdN1EIyZnMfdqkwp5FaPvGiczqx9p1jKli71z1p3gZYzOEY2GDessgwDJVj7DXvNUsxCh7RqZSVvv,10/29/1976 12:24 AM,313854.485194,07/18/2007 04:50 AM
31,KdZ6YY8psuO2aqXTKN8xpGqn2ILK7vL7uYedTKs7Zw9H6EcXQzjZuWiaFkQXV9mcO4wBOkVBDM86bjuIIlVu49AuOHie4GCdc6o75s86eGs6QCq6yovJhgFnPCNKr2WUFj9mD1FdtNenY9RuEI5RrGfVwcuwTYXhqtzTXkH8vjDcZ1uY9Edko7ntdJVF2lTQmPGI5ZB6HWooIYpvkHegHK3oTrRdodTwtnb7AvdPZao3BI43Xx7LepDOztF8yYTvBgQHghtZlwY8ruNdtE4Y2QzwcZ8vMJk3VN1ozpdoKys14zGzO6KKxz3jL6VMNFZo3kdPW5gukWkactzvDWRspgApPb7Pe1r4iAasXTlgp2qSoIbQ7ZaPGME2y9c5APrBb1pNP4KGAolC98BkpcATisWyWAKVJvh5biHdwh34uDxUaSBCFcgF2tp45G2vDcHYjxNmclDwZXKWMPeByKweMczsPChO3qNh3lmZsffhB,11/15/2005 08:31 AM,931451.000695,05/30/1970 08:55 AM
32,PO7XMyk12B9JeSaFB66VxDB4Rs3hzjK3ERPNtnlFNYkmyanUz4BE4GNzRL6bL7wOYpDog8LctYaKrVK6ubQD3sJlfWm7jJRS9NFR4qSffDWOq7Xtrf6Sy9IXIRnYx81AF4JnHQoi7szshlvebqfKtBRyoExRnfy2PGhqTgVsxWIxYmkJlRpE36VEtef2ZrkV8dxYKzKkxhr5r3vCqeY6n4dv3eT2zht9mYqqGwCbAW1zb8lGbFuRRcVpEx37zdT7HlQH93nFDk8yRafCg6G6PgUwPfBzmlhH2PZUApJZuSd5h5F3Sdmxts3LwrbEyqXz4T6VJ6AgnN6I12QYMSnpWh8ACG9ig5EE5qK98wFxIbMZPi,06/09/1998 10:20 PM,639717.101751,06/29/1998 03:52 PM
33,YIjR3fZ9zO3ud1bKCB2eUPQRNszggSDQKjJPZ5xTwUopRfl8bTyiSX6HjeuqskJu14J1YMd2ugOBT8X6B4atMTpaTvxQhO2HEcP69Gl8j1L1QHlPhRKXU9X3Av5jTcMALIFfJvcehtNYlkqg4yuQD7O3VFVvIACs7iOriRT7FPV6RqGMLJxbmR6bsND4XHmZup8EedEYujhZ5VRS5rlRfX8kn1xTTae3Pu6aWuPAvQdMSbs1b7Wk4TsUBnEC9v3dXvddxv3cFfITihsLAXDt9jtVmPCYUcHci35eJm6ybgDvDIMz8FD5gVezoqscuV4eINnOp1pS8kpZss1Z88DMDaFithCmMz57dsJg8M5KhUNMVIzrfYkUgIsuRHmHWKqwI1vXHLKjaTrYhLXh8MOGQQvjMFvYBvwbulaScvTpXB9Bcv6kBFyHeStpCRo22rPQpEMuKhPZwNK1UROU7xu1k4FYyLsbm,08/22/2006 05:46 PM,490268.339254,04/20/2012 01:21 PM
34,anCACFyb8HyRPfLoyLfK6mPxeOwgTrM6ENVumWxv7q1XRXLkY9FV7bbyB2GosjnFSXpEz4eJgpczwnwZSPyeIql42d2S3bVr2CdgQcmRFxLTI7XnjJt1PeYOXp2VpmvxqsWd4GqJoFAFhsFse6Uuv6EsolrUKDcAGvpiHfF,09/09/1970 03:34 PM,439304.050554,06/20/2005 01:57 AM
35,eXkRy2AMfSCIIStuIT7QjJ2GosUYmFJIUPoZ7YInMchEATCLM6PbRoHQH6MrMn3gvYfyJ4oAwwGLAAXBcLmUcF6RKvsNw4NN7E5KAGSB7HiXxKllaxuxfpysxzzOkaX5qZ1W36yEDteqWyR48mAlVxNqV8glTXauOmHMEDyCpuExJbzxTR3YTbS16P6r6R4OoLnSAQCAsOeaSTdSCMJeVcPn4p2WE7KRFQIvKTB51zog4O59A4BHqPU2EyHa7jqZnhYCAnqzSUezOP224aT3kR4EwrOgEJdhqrrdGqAEeJJKzf74bYc2cOHMOblSHizCtvkzbDOVCMJn2NYFtN17XmCQyi5YCbHEGPVUKaSthxIdwyLhEkG2vG4WKxrfHx5inct6R2cWXRhihQMeQLeNLc4e4qfExPyMcVsPeTPhJtAMi5xqaOYGUyzhZTYbSyRzKtNsCaEwAgD3lsyD4ezqfipW6dScTsvLWngTXvsqt8RwVAlrtxwywmjl9M2KzhXgJm31VQaj1Yb2UAWE4AsaGWa9fxd8WxlsvnXhCDemUBEKg9VAoTfzdhFLwkbuWUNXDVSauYOk2apRVMyKJcnsHZ8VBaNbat7aooS2QoPrtpxCRAiicaiV6UJ6pKND1hTbqQEoaYkZDih1RwEoAVvVhIAGiifFu8pwQ183N8VnxdYxC9UHeqElmYSXOcZ8DFsqn1uEmCXYTF9K2l1o65lNfBGB8kGpWlvpskTqXnONKwGtu331OmgITIaKDfOiDPOyAMSyqwG4CCuUVliwchCjrrGNt,04/15/1992 05:35 AM,462019.421579,06/20/1990 05:18 PM
36,viwmz6BVDzMgNZV9fBnpyzp4CZLTapq82KCwZ1gs4HpNv8YCQAhPLBbi4MTmpVQwwX5QVuLMVlGTTYcWPOpQlXoFGVrBIp93NAEF3oDC21Sk9fXi8RHbzi9uA9QSNYVCNZTuzZmymHEQYZtd7sUT1AI5K6vIPMEMmjeFoGvFT3BgLCsP4Lvo4i8aikF8vh8ZSAJt9UonervFqxaoghfH1idQ3tqOeh7XfAQB77J3hQQquObN4YRVra8w5Igr6HzrvEH2wmDDCGKR1QlhQVb97bxW8HITiRs3U3KkzgBogHdiq9L7YKWn4gaUcyT9L7lu8Q5YZNXZyuE7nufDV9WjWdzlzBrvYSROKi9pWBJQ3GhezfKw56woFFMulxdatpD5GsEURVkxxCPoKTIkhUjbsRF22puVjqYjgJTgC8KeBJjLrXrSepouqVjmb3eQZP3kIEvGkkdg7ReMFTs7TEfwjhzv9qLR9rzhUpXFltXO9wcR1pzZWxmBzXvo9DnteMEtw4VXdZb9mYtGOuCPkwuhqWwzLA6O8Pb49Kg7xeKtNAWKV2IugT9sGRROw2hHDuBB8eHTMF9bvDJDnpXrMNcIsWylShU8SQUcd68VxcsHvbz1x5xgqI79NR2AZz6oksVjx5qZCkQT,09/09/2000 04:42 PM,2243.2157933,08/09/1992 12:54 PM
37,ZAIBiBqwqkhA7JhoppIhdJ1WHNPhgo4vZPoE4KIhZ4DCpuCZcXER3mRCxVIktCH1JsaGb6CF67johlx,08/03/2006 12:02 PM,534872.013524,05/03/2004 05:32 AM
38,O2Fvdm2Qkq9RrYlc4dfQPz16gRgdCFNNADf7bnSeOTNK6VqQPIga2fybRFVk4m3kdqtTskU7FOoTOoQAO5LYIatSmB9XxeisjkOkbod629WLO1DW,01/15/2012 02:13 AM,473020.911941,12/15/1999 08:22 AM
39,e3omZr64qHCAkMwNVmssnjQqaTlQCPkGkZmlWh7rh56s,06/24/1977 12:46 AM,76661.8661686,04/19/1987 04:52 PM
40,TyUovgODBfo96OCpixdB86VnSl6V6sGWSBw1ZWt4CeXuzabpcREsOOxXBND6WcBfNvaaC1uAeotgyyxsLACgZiSmnqV4Gt28fG6lqlEUQZzOelJwBXFeqDWHmIMWV7jqXmCnirDktg33uJXDFXOxznLsr7phWIhmtPdUctVlFN33DoOdRR59hjIyY4XMKl9Dc5mNtIk5NcP93fIUczbTkWr434gYVaV9EJQ9aLrn9zo9jnTjKddSA1pe5ou8CPyrrOsh3S4xQeaTht1QJgPc32uP9DJ1re1EMqhDVTGC6kxPKupTqIwzuYeXbloAKh1H2myqgfk3OZmMr92TUPnsEk6ydjMJaC67NBhYDaDPfCaIq44zgpPKqeMFvPCa9jqu7Oya64bNK7w3iz1Pg96IOtKdASwdHTnPSgK7oLAepq92pfhcdOUzurgzsvNrBXIaIGdTjTrURSwBBLGCe81sTKAWuCzDrWap7lKBNryVlFHl1nR5wka2L9I82zEnlllaTQyOUGx36OxNaFpp4ZIsfJpZES3aQCE9gx3Yxt4CNerEIi1C9VHcregOIyWUr2R2Y1CBGKlrRs3Cw9aTE9zb6BoR1Ufa9Y3qtYgaX7VWYe9AmvNDFc4uRNOGnlvOKVEgRkcEo41dhQvo3ya8yg7B63ByN4VCi83RXWJShU6PdMjDanzje1ZTyffKOojO4tXiK8WLYqbD2MZbzm1oiU45gBQCPKxVNNnj1dDjkPH4Sm31utvN1wNshHXgOBYz4N3HY9WVQc3ETBbSSlDJTag7M8o2ToIzsfHpehF7jVso8dRfgJkrgtoMV4CtXGkYoEIp49aT9GOOScmsEwwY78JiQu8uTmmCKXVKVplIC8jLAJDENFUwbNw8FqiQinGfALCnHYgbfZrX1xGDyxnl7L65NWA5vuKp16nV7TfuCHIglzhzgT93IyEBbply7uwOtfshOorbn2zF5eSMYeS1cO4kVSYk6p,04/25/1986 12:33 AM,537828.85914,08/22/1976 12:13 AM
41,ATbYehdUcTU2OOQT6mazXqwzj5hcNgKYRGcKJMUgndq1Q8rp1268JaiptNITDGJLIHMNJ94B4DGsNimhMmStP7xZThFelRKmdd6E4dJcPQQv3xNnXMfJCrd8TCjeZlbr5dh8iGE3wd9r5Vu1EN5n9v5Nz8oChuI6DhNlKHVvKodlUp1KiWsAjaPBfL8lPfJaHEjn6EWoGyBJ3X4OvvYLQPUPeHRvzbtQTvEBVfFftRrUS9PtMuwtjFSiaZNvnTVxk2COQyyXiKgdQFfWZhEyGEu19jc4hL4CJzoPXpKWF2eWjmUbn5gzL4uxhbOx2Ye2sLvSDucPV9DkQZuM,11/18/1991 05:50 PM,914433.333393,12/23/1990 04:02 PM
42,VpocSBECNFDTKXPHHjKshRB9weGfuIJdTLaWpwfFgMVYftEG6qQ483LSB6AZ3e6tFlI8EPktmF9xaDlDbssViDMjFRTE7Ez5iVg9olAtJuWAK4UAMPhfeH8qFeSXrtPtn5ZeX6S5z5rEsGMmlIXV5JKgurJ9Zkv4Kywr8lsToGiz3xREzLmWHSKW7C66eBxylLGw,04/28/1976 12:21 PM,593491.322995,12/14/1985 04:29 AM
43,rzXguSRm9zlKYAYi2nQmYdLYq7kc2m4PluTqn2Sgx1GwxmXB1IxeLQzhg8oXzlFY855cIUdWcgEGpqhyEbVdFvWFsy814VLm7QJ3K5yOwiNv2uDgMjtHBhh8PAXfSuknJrl8vVj1GI9tUwPXn2QIGyEV8aHgZ141rbjv493Km9KqzcZrQ4oKHZEYgxtzpngy1dUdd3Z3GnohJVQJHdDOHb88rr1ZBu8xIhtvo4z8cigOoOfnAfHfwDfp1D1RJhW1DHmGmPKP1fFtNTtutDoAvHN1VxmJFl38N7aDHwoCogJq2cDhLGyv8WwezTF5gzfrATBUupEF15h3CsdRshPVbdWT2Aawhyonh7FV4hmqcUUoXCKxiDqxikHLtC1edOeIKn7vm2sysyaCAg4bCseaZnZDrzAoVAmsMZzab5r4hBDeow6NoDzZJ6RhQy638e4TBkLmVhz9bLB3rAEom4q4fy83fTbYgJhTqhYH7vlqEiIrENfTFMfjMN1QngXMuS63VK3xFBKv4qOHzNrMObt7dP9uWaMNcc9NAOOWAE5iFFrKZw5dXqAd6efdi8RZwR67sVQjVTlNpmrznX8WrsLWNFEHPIScOOwWMUyroUCrBnW891uuMxHLv8Lc8QKgKYuOaDkr4MOGlIJ5GM8WFTNpkYFf1ACz7EcKPhfSrEhfB7IZE8RiE1XH19V5sojv5OqHCOcnrK4FGe7HCWsFQ8EN6W2stDHwZqJ2DgErYsmXXyQUgEG1SJftS9UpA4rsLTXvoCiBtl8mf3Or7RhFpGK7m,12/07/1978 10:39 PM,167815.350097,03/07/1995 03:10 PM
44,TXJSr2o2WXoZGiqIJTQsA2nykTg3dTk94q55akqNiAdsoHLg3phDgtwedNxkL7delPPDK8ThvosI9wmdsEUkUrILpctm3rYkv2yAFV1tQiyyFqQ4EzPQl5Tom8E98UXW5sex4KKARTsRn4OqD4zllsKEiIXohR6Fi93be1sM2zIXv87PLahZRxkRBZk44Kv22c18R3qkEoOjmT8sNn7CGXn3d5C9cjVHcsW5DkhSoA3IjipDqu8boUnPMjpX5wqoTohd78FKXaIjEymAf1tRtQECu74ne1jMeKrLTMlnOzsn2WbahQTuwo5Z2ngPd3CyiGfwndO5RWZqMFuNbS8J4WqI7p2HpRHHzMfE,03/30/1995 07:59 PM,246987.871241,02/21/1992 01:06 AM
45,HUg67qyz6ZGheoqZiveEWIJRf7MxiiRSNjPgS4XhXcC5nJHvIemi9C5lB8jKbridWAX9kiTqdxpobgsClLdwCeQNk9yvV6IWCAKA3v2TEdx1zidWDWJ9Ufy4vbvy3Upf4XhEG7XOFY9KIOel6YFOvSPiJ6t8C6mqvhSRISyMIuRW55UUgwqxwAzBERE9GSEwcX7qnwfOWUGbMbPJtJzT3xqCmVVTlC8udCcwBIgD3kfZZoLyduQwyBGHKay5OWnIp1rf1ZJlAQhqIvvZI7yug2IQjS2rzfKnRNNRg9R2Ab4arY3avtfGBvv49pgJ3xM6ICMIrZYVcWrpHk9iakl3IzVrybx7a2K7iVwF7oXN8iHwTKjI2FRJvGMf1pJUixu4fVbDm9EWGB3jvgHVp5A4tTtMiruO7R2IZaEbrL4IGURTnRq6FSBNWxqQPZHyOjTdZ1AvH3tvIfKcpeBqTHwpihqqNfORy3LTzueMehbhu7h4Qw5VGPAuL7Og9WM8pdILit4x9ItFOwpmj4AW8qbmb5bEYyEUlGn782dKvtBc8eluFMvAvKBGKi19RQZWibOxWHYTFEDKB3ZrVKBggv5hlA6YumTiDDxkdjOgC5NJnKTKHC4SykQ4LbIXThnXqnGd4SQqgAvG13qcQe3xZVXjStH7zNxWnOidJncyPgBkNADaoF2m7TpC3acBEuwHzqiTmdBVzXj2ELyImvt8jxBqz4YeSkyE78FkT94BfTazdkpQ7jAwHufmWKBykYgQR8mA9T1C8UqIRz3laPH32nna9U9uLKrNpV9RjoSEuaShYdZq8mkzcgOzDcNiqVvclJoxG8IRrm61QSo6QGhTUY3RYurdfNlOXeaUDpzwWdiem7wqMnpi66TH9qU,01/16/1988 05:29 AM,676678.204605,04/24/2014 01:44 AM
46,5BwbE1LChPOKhsJ4sOh4ulGyyMssEvkPGHzkACdkXPb6M27M6xV5jKWxrq3Dup9SajFfZn9wnvCvPONM5OWIfTtLIsSr3TGeoRdEtkTQw7CdkAmV7dTkNHiT3oMtURiZn91GrXZeIy5nxyoUtnZWXLhG9oL5modfA6DpSehfzjF9IETUao6efeWq8vsd2zkSLkHmuhZJZEArGhr3pDFgaitH6vY38MHDr3uwW6qAlyLx5zcrQGU4At1oQpbiSC3DvhPXALwMPA3SgtqWF5NGoD3ydYMchcpPgAxG561QMRxIUHaL9JC4bnrOd16u5vIMdoFYFbOdtgu5uSyeu7Sy3FbrbOvhrkb3GI9IaUVSpGSF8TkxXsrO6AHGKXpZqUsBzMB4mFnqUKSmusfb4ge4CtbtnVcIZg6KtFxr931XWxIgstpKn6HUtx38FFtngl32Fs7Jahgx25cfpvuAFciNVshrs5VO7KSnzNlYckvXD6Jmqi8KcDLBJZV2HafToJK4tKHnNyCicdV9VSbunD7gBPbDAlWrXQQZtX75VRgrXpcA11X9VRkc2xLJusouUFd9S91786LhTTvB2JFq,07/04/1981 06:13 AM,299209.002592,11/19/1984 03:08 PM
47,fUU7w56ioxZ6pnssFHhsDT6MWCMl7yuSsM862fYvB9GHWr3czBSVFiQV6fCDY2xqdNoR5WB7TWRmw72sywiTMjqvuS5LnrLYfVHSfHO3qjGJi6DwOjV7lOdLYhBaXIkEfXi9BTKrZqer3VOZbwj7YWyzbhi4kzuuJa5NhjGjASqXdbrU8DB6oiEMrLx7XHfj5guZKoEn3MwMU4w3SAuJtv2Z6JfIHiTLy58ZYmglar3yEptzJ2VsNP9qpNwrArZRl5RJgJu6zOnYlIEQyGz7jShcp1VemudE4WuPgc1VfYp3JeCy3SE1ZXis7YbESJ7sLaCCPdft6GqimWdpBXjYQ9lvP48gzU92TP7iZoDnoMOip5Sy2FuH1OwrDwCdkjPWCsIaGPSsNxBipaX68rWpAgGuhlJFw7JwdNPOoeykbc1egML6hAqRwBTQR,06/18/1975 02:17 PM,699940.949587,05/08/1980 02:47 PM
48,oTxaftvSnnEd1U7YQhmSmqahw9sSRCCxe3HCkSjoYAmdStxdTgFxhQlmanjpuIYwcJqswTNdq3ATQrBb8oADxV91XW3drpEJijeKltTbo8nlkAQm5BPV1hSwHAdbarILbVkwYAyKOjldoU9ATtoiExte8VMD1fKaercaWfoktby6zBaKEgMY29WwOQVO7vtYVWWZCvUPYhXwo1Bx9B4jSQchAUW93Y38KFrrYFG6mf6uBkXCJJfDHti687UKDYw92qlWzGi5mbP6yyORhSJxjxJQIcWMIXGEbzjTipzRXqItXHsXHtquwazBGbjQsregTCulNoqF5SZMMtzw2kBmxmlq8SolvXhshBTrbFvkpkFvETyevnqgqTnYQ2YvUeA5xxNtV8fsiz5X38ThBQnJai54ividzAmWvwoO2hYkSGiDtlSPEwB2oEEFVPkVQrS7ixiZY7AcjdhRRTqZkYf33455VvIPBkQXAl4laRLNVwc35rMc5tvPBPJkkuIRv2jhJUFzUBkskUqe58KOiK7eMIv4uRB2FZvGlHGe2vhk7Qs9ykmiLpESmvb8P9cPODmICwDZ2byYpl4v6Yuz8Qkc2u5mLSmHLHLnMv14ByZXGByen3Sq1z6x9sdzrfvGGFVCCSFpM9dgn1yWn8XJpLhGcZJauUqGYvE2vWR8qc8m1jDeYqipBJXzPYCLksAkuhv9zMossIhMO1Eyf6igCMsQfoYG3vbLNBf2UXKtLJTGruO4JdTfvMO2x4eLz7KJ5vFFDbNMtILMvlxdxhuSzGhk4x3mwGOHyUqwvoNNUsEmYr686K1JNGGJmVcP2VN6bc8PMLAcmGz5JJCdoUvLY9XHWDuCd4TJAS94CjABu1IGVfLqHH1cX7R84uIqnNfPZ3qsR7daQfEM1sSJavHrZMOh8npGZF2aM35EopzpeADWe63uxvvjeaMi2Rcda3tA,12/09/2009 03:22 AM,582154.606915,04/16/2007 12:29 AM
49,JaVHEekvVPpRPDj4hg99Wi9Nh6MqNtlxkuunpsVNA5YNl7WbeHNWd1heEvGbUlngxhxRSKB4J3iNN5YMce1RgsgqlV4XVJGNwAP6yiOkYQsVwOlN7NSsskvsmlv6xM176XaAzOI2F8kPphFA71HNlnDXfSh6k1Nek9lUeCbv5QcQ5I6xbTDMrqaLDsVlRRnVsSZi6VK2c39LzNynkYEE84hr6ww8zaDMVjkj3Ai6d2nbzWuAwrdO9Rtb382n6ZdQJ1xmuQiNxD9jQaxYkj4s2CygNpFdfghRdm2f6fDklwyw7WASZM8cvho4D1e1dzZhbEddRbBIX7LSHXDNcb2WiuUMgo3aMi3tLuzJE3S5vO7Zw4aXAksOwbHlIXnZxsbz8IAFYA3VRDaNsF81NYnHuahmrsTq8tdBdnP133RVWZy3SUVKQu5FXdZCTA2sAwoF9qeteOCCqv7tZ5eoa5aK1IIqZMUwBlYROZC9GS9cgmyp3eAYSbRWgzqJBLNUla6UTrypytoE9pY2UZJgQnvtWfUDubUk1anvKVXpZrWVQBVy7ZWPLaoOVJoRhMwSXX95GNZQz9wplNK5dRQ8uEW6QGizpoNbWyk9i6MtzKPRHMv41amHQrPd9qjpLicpOSktEWlLzpGxW4fTzuyzlxz7y1azraTCT8ckp69vmkIu6mkoIkO2QkAUwPux358fxVpKCXeAYNx35hKSvaTrq9Kenj3HY63XXggyJzxk85yiOvSuI6CeqOM3a3S2,03/18/2005 09:22 AM,930945.079231,02/13/1999 03:24 PM
50,JdRr9tIsy83s24OXNQ1iNhvb4qS4RUg7eocnvIJYRK32i1gPuv9gvAgiAKxgTvgrXFKojse2GPeiFZhF8ebK76o1XKaHA7lpZI4rtXOYz9suuSkSJRicgAAShUKOYu56JOA3nei5YKPgrHbVwlqaAzEPLwFm6CVeDtxOUm5u4QdMSsMYCPtmVi7HpBxbc1XmZEXc14VHmFDTYLs3zzI2FzflWGIWiq4ruvW9Q2OZptXbtkBNuv7GnVo1jQn6A9z9Jt8AmEnX4VnHZJGFOKDZRefLbBAkBvtdPhUtGHn9f7o9cEmpFxtz28fWyF2zDTBZVfiJzmKeO25Obl81slWsxTO6gpjcALtMTaEm29J6nGKbRJDfaCJSTRtx156f2vBBoQOpTqtAvdQcEIfoUGwv42ehWgyQvBU7n9RrkZYdDCc63rUQQeZ8mhYf1FpkXDKfOHz9UcyFfqnNDo69HyoFG3xUAa3PUZaseirvvqSPRUHWF9ANCmL6VcftXo4Kmq5DtINb9cK2kmJmNCn1gjr1OfTFBGuvyRcP9gZVUVApCPaJA44JaLL,01/18/2006 03:29 AM,417334.403876,03/21/1980 08:18 PM
51,xGWBUDtGYg8kdCSvQhID61jVI9UW9P2yqbBryrKq1FXIrAgldCnrH8GXvGmxSmJihH7EZOaBfTNIFZcilZoQlBeITTotYONocPqusOJw6GRjUIQfj1rDubPYdczORTgSuOFq76SOi4BO4HfJBkImUVtS71bMhOzWJVtfh89L2h1jKvB5UgWIhBpCxEBZDLwXhqNozK3uU4617QVN8y3KofD8Zl5Uop1RfzTyCiXOR33YNTJtg1xQHMaNvz7PbrhDVi1nBVwhXHgZr9LhepSLULeeIOwLii6Bk9zHRmwzmJmzNkCDZA2tc3nLyRoFqCdLfAAqTTES2PJG8LBuTUmX1JRMNMFdlhnJXqfXuEYMX6ImHtzY88sO5OMZJZCWyBsofI8K7euDiQugakZDlBoYTm8KdMWZiBnqjYNvRabDFZtjuOBvXsAEfRAg75JQWwAjE5viF1WQ3YdaPe9Xy2DoxKlHyyI72GDjBGYC8jkvQ2a9l4L81JEslbRidlTV96wj7n6b1hCuwyvElFeiuqtEx1j1JzWveRTHaWsdN4VJwEdI7eDnWAtio3g3jN3aOsNi7DqgZhWaC7OhSozS5v2tLc4FEQmVpOpqYkdpdcbXv3pWbq3OVXqDVU5sHSY8dBDkVLO8dCkROt58AkmY7FY7iSkDokp71ISpKUfNLqWy9YUyKuEL7gyc87weqKdeiVNgISzR9UnQAlqSwaZnvxfEjscNt4ENmWEFB79W6Q83eW8KnPsBISimvgGD4nanyHpqdGbD2p154kOlJisU2cAN9nBpsq3ZweXzgd6f3PHdCxqjnmfTkt,06/23/2011 09:37 PM,121581.887164,03/16/1990 04:00 AM
52,P8WAAb2KmnvkoLHkmrKxfAXQDYjfW5Q3WOELnwRcn7yLTvnORUyWeWLqlm2xcpAZ3jAcsaZrkByFppMIkpBtQb53PMPbNLpaaGRc5aDRWLgEaA82o6OqVEYxzeJDVFZEzXxdD2YhPxA4E1iEnIdMZskgQnjGcYCPTvParsmTzese7XdzGjLfU3QYVhNWWchm7LSKiRWaEWdRItA2l9ZSO6tTNe2kO9jzxbbDGbaDCpky48aOvoLvh7rFCMAJoAQz7CoTfamTjwTk1h2dGNau4FaJniCOyAshRl1I6rbeBCaWt5IFCbSLUBnvW1QACUP9VJlkzonU9bOLUpoitUQTihfOuhO1yA9gKf3ZP9XsHguPLZwIM9MMPOQS4gSIlG3x6G2q1JCfY7EWNjbOuUDNcEipgYwvmTBEH41OgiTSGhisae93hATLbuPlzpdHwAMZ1reM4DQN1Cqm4vWLhk8HBqKHc69hDGaBK5YXvrHXEvFoXosqd3FcoaJQ2hMhLLStoeeOsDQUIcwy3Ich4nP7lA9GUfrlcX18D2yCBbVllZIKtX6lBVwLroskphv8iMWh8zILJcC6Clnago912RKv7X5g8GVHeJf2gzZESvtC8qzF4XHSVUNclLdGJJkqd1SXPC6DjEhVRWDjM39IY8U55uGbCBt7z4zbPjSPffvSMPKtuUEatiBkQ8l2KbdNJWNyoATe4y4A3lJ1jmrgSSVdeJGafE6wrCZ3nBWio1GWlOqN7OUtcCvrjRCL5lIGFC94JR4IAlwT8SyNPSChvtMtjNRWOHnZzMYN6hAS68kT332NnkfMUI2s7AAqd4cNXzShMQr9LGAMEic,03/09/1984 02:24 AM,650769.014941,10/02/1999 07:35 PM
53,xFNB4lavOvqtDcVNBOyPCYpDon256qwXnFLYeXQ7IAJn5tpZ7jt7nVG5Z6wmW3XiM9yoB4i61n6uTKPOgFMbsNJTdfzrNdRD6PceroTKZWU7VvIwIAY46ZnsEjHnJjlCMAkXMZjiM3sFgnBydnLVD4w5GvteDxoxjjHiF5FVvPvKv6fllRJKUwcdjNKN6OMC7KbhxwmHYKewTe9ZM9jijqnDx9BpEzEmW7EhuZEiNgK1c4rnmJHUiQNhE6nF6Ib57Zo9YyK54KTwnUMGi7HU5n9g49qWfSqMQxY3ZuV5G8a4L77YGOEE7veHWBOmwTBgDunYSi87JArGYKEaMjWnIm2ZBcaxGKatGXrD4yCfVsJ9LJl4f4uuXOV8lAG8sR7GldyqzbNX9Mxd4fph8GP5fOXvL5mq5an7hKAJWUtXGmdnQIywTKxsFlZcT71wdf1KPKmU8BZwz2zIzSR73yxrO5x3Tw6HmIqhqBZluATJvNZOqm9Enzmrp1Nib5wstXWtRoDUQwBLjTKl72FxFIqM3eK5H7udkoviZUaB9OiuCDVWOPz9uCHTw2rdvTOXoWhC5eidG9iOs1x6mwBxidkVB8LikAAkRbAWKCSbA5MPiE,10/23/2008 12:45 AM,328362.375236,09/23/1992 05:11 AM
54,ENZ7sFO2ZKhRnZXRrr89tERxEYdiuvEyWVTGtLBJGk5ZHfdOxIykguzUIcVetOxW7jg1Clh1VD9ggvj7oqWL5ax4z4YzmMDvEV7gPZ5Gu12waY7rRwXvN6cREszlVhxgieDPrlcteDimyWKUjLXfCAo8tbo6Mq2czrLSd7fZSEmzYAGfxtN6sexzEFH627fPRMoIDE9l7I55n6y5OnEM8UURwaDv4JALS4sSJeU76y3GYkKsrZbdibfw31WQVUNZnfCUPCSompjRD1cErqdJZ2uQBq4SkRD7pawWstzzLnvaFYKc9fnTcCA8lcpYuI8TwuDJampYbvPraURNyMQPtV9ZdwGnIlAPR6ufuZxxGJX1QeokdRMQRbULZ8tnFENbrFL3ihoKYgXamtUx9NHJrI6gn8zxsBV9Pjrwfx6DpCZy7CNzh8PnpSMPQP1lh6MfdRrtjTDAfxHzpfaoR15DNJTCkIEJ4lK8RYDANlODdNvtOQdRIbcsisGE8EQ9vRgExeBYLyeFCqTR1xxiyj1x66twacg14CeVjIH9LQ5R5OtMEjiRcOxVGV5vEx1KjAYMnso54bsBs81CDwoDC6Cwp3zNe7754cj2Noe4Q9CNVRGLeIQGthdfr1cAWsu4XBdBZWVfLLHO5IiQNgF2jeh8kteMeIGjWgB1HMh6TdkFatorbC27MWMr4byqtotfVsa,03/26/1994 05:28 AM,845145.593407,05/30/2006 04:14 AM
55,5fTpbNtvymFxRCS2sMTiRFsBcz81FWwcYB88tPfSxiaeFRyDrpOFq7nxdDs6DFEuzkjZPkDdriPv,06/05/1987 12:48 AM,287214.724963,04/11/2001 11:02 AM
56,SWrDMF8ryip8SvFkHpAy89yHxaWVe75HLPi5pI5H7tLcEl33Hw5eiqxp5Si2c2TzmXJTvUMLAFVmCSTAPwWOaaWs7Uys2,02/16/2007 09:31 PM,21236.3891524,01/18/1998 04:57 PM
57,jWEdFt2gIr57D4BwrrjIJ7dcKkzCILkl6k4RgMlZRFB4dNZTs7xilgB2eezS4OVauUpAa7Zrb5Q8D55OTHteFsCkO6aj35zrYqWP5LLMuEXzDrcuXTInaJJ4wOmpIRExISkzKWfCxqXKsAecd7m1rI3FCWWQfr4KORLnWZzyh7nwb6ZKRzeUI,05/23/2009 09:48 AM,136237.028784,04/17/2007 10:50 AM
58,m3IwRiI49x5n4XiF6pyYHuoqPg7I7BbuIIXPmqr2TOcAMi39wytil7JtflOFGouLtaBMhW9HqTxqeFyd1dTXcueLmYlB8tBKxKW2gHs2mdNJV64EzqLBI6CHOGY9zKuubT8GRGYf99nV88ve5a5YuXRcps9WkU56rR1nlU3MvqqR3a2CIru9JgZd4l6weEHESmdDdGjtasLFRTCKRR1MvMgri6zPUrkHiRfc7FSeVOYnzYMfdNerLluojoGlbKXRkNGdkZKeJ3uqg2qmi2mWUvEfpPAHU7JISZE6VkV2xV1EABB2O7xg4vPE3zgnfN8latxwV8vzUVp71qFe5b92Jm9Gn285RSAPRSVxgpa5gDqG1uCSEwYKsSloqyKMbvi818PfrSHTaIpv3WqKb9p8QVC1GTs2UdCtNMpc57ItBkmLj1UXMOHNwyWTMQLTtczeMSH6Xjo2C6bRg8Iptrb9rJV7SZWaUMKwLjSVmfLYFTQdvlWOQ4NKhTXvpXgxsyrC8SQ88EUclR8d5xdaTVykloM5TLyAAVlKGWHQVjSvSBdclRMrJnnsLP4oES5pqOq3cUNpDNeW22C2rK966HeAtREmJJ4QxNL4sRkd4QenU49hmsi9bGVdi2I8m6GgrHXBWM68AtPV7tf8mKP3PI11lDN6EJv7wjBxbi29nrlJJkEhjoPIyE3IFUYiIibPNXYx9NWC3zouxKQsnErJLSpF8Gg7I2Qm3RrSFkH9qnsAQgVbDfoFaXSrBlDHAeTqVa2iPRRLK2WR3QdCZLWNUXpC8EO4hFrJ3W9dGMpiriwtSI7ikPLPFnHoIijeFN7rcMJNcSj3hSLSCkZ1ws4TenssHWO1fPzQNmnC36JyEcJy3cJigsh4jKv4dIiDyRZB9gnGDNsDKHdCR7bQD9ICoaqzW7hagIr4UhGqWj6pNurPnLt2ISaxHF3VyZGkegYsMXi,03/02/2002 12:24 PM,59116.0159963,10/31/1977 09:00 AM
59,RyFGCbqbj6L9nH49ipgfgeDHRBE9K35uPOHKlNjKfCQlzsKSS9lHZEYGNPe8CGlVWQDX7uMzkpMRR9OzUL7IElIx3z3RpkHvQjjwXJ6ooZDjrtEeGLoPwWPZKroRBMPySueV6fFlGnsasWLNdKqToLizQO1gfPEPlRxbYbs7kQY31Yvts3DiFgFpfQE9WovWHZobIY3ltCVjUps7uOBwRDRrkY35z4vLbgSBymbKxpyQdjsaVrVnirhtY3aSnSNQcVyIfHTiVsdxYAkpziNSWgbRHHPBC2pnoggZCho3YdFknpvb2o8yPl6zOr7blbhVrwRRIxwBoknz7EVLceoPq2Mb8PWJ78TYFVNnbFpu1N2Ly9tEFZx3eFvrjtBl82MutkPAX3QzqWWEXF8ka8ubXC7m5Pgx2OCfXgQ73hHV6uaRa8JQo4iJc1CWeu3AWHgCiacIXEQ3Skawkphg1upDkx9CWOZDh4aFgKNDmMCfoDnOqgSCqi91aXahwuqWTxUXydqT4vmmyhBjOJTOtyxt6,07/27/1988 07:09 PM,730210.574383,06/05/1988 09:23 AM
60,1MfaqjU5xDsAaRagC5ylAej1kuWjvMajIGakYI3uvwWXFb2uupG3WY7m5NdZZduDHTmzv5hmBDalbjuIXAKJ9TEjQitC1rrq84MG9io3qHYHSswNrInS9uwUPImebS6XoXdc3bz7ZkeCRvmKKk96wDii4B3ts1EuPhtwZTo19hVVZE2uvAmpPoD4yn8qMB1q7119wQAFbKHIuyrzLWqejTfchgK4YyEXvatRqRzQtg3hH3vHZ77Ix2dwFeZnH2gGakERdrJbu9oZ7O7k8GmOeYKaVFu64FTZ22QmI5ceitASJgPJgoZfz42XYTtbDD6GFIzTrcGSYMgHQsqHiSESzYSEEFyXVamRoREbkaEDGOBCfDyGZFBvwr5S5GrR2Jf89mMlpmwEaMjVMUn2kyUgX93bxLUnoDrBRikIfDE9DhORaaEB,12/20/1994 01:54 PM,967339.319649,03/21/1974 08:28 AM
61,9HiHulVHOiawFFvv1gsVI9EiLlxOVUjQdz6fGomDUI3YPOndwROqS4GfrjmbWPkV8shUpLyrazIfarHlZXx8tH8LlQp8FwJlyZtMiG2w8cMFLOMjJTAkgLUoJP8mhPJsTZJ9ipqYgxw2sfIC6iBvvwls4OFvBIbc6YxB9AD4DJHyW2reqeGKHcRNdONb23tlkzNg2lBwkRExwypKvSGhXENxPZdMRDB9m8R8xad46Dl4YepsnOTR7mHKnLpTcKIt7RX57jh74NAqCdsu8CMJtSQISMJwC32FSLgbvBheT1Uv5DNOq21yt8EeCL6qEgmf3vaEiL4xmlrHrK8Dr4LNLYQhoBaXz5m6tBIpfqTMe3sToscpHh2HfdfJ9SZi1uQRfgZX87Ga2Ka5PgQBJPsaQYlCs3oIIlBm3OCiLhRNvs644VMAhFiZyZWv3xISyqBQWBUZYuyJkiSVWsOOxlStvjZrjMYtcwyNGYQVSMQUBRKVdUgtAuGEFPonAPoftSEvJTQATYKg6lpWy4RUQYmuOghUHzPz1uH7cHmLeDEC96uVZgyE3TiPoKE1GNSQbvRH7PT3g6UlYqmUcpZULE9I1XFGQ2s9wQ1MdbGIG6kOBkhlME8qE2JMNlpodKiCbtPpOczU5Er3uGgd47BXPLBAA1i7ijJzxuVUkRlaiAexCGz4xbNNdZDa8lI7Iux1mWA992FqLGbdwj2oKedraaXl7c3qSEiArrze1Qq83umIqbiDxwt9TnYFFDmED93FKVlY2tiFhUEOAbVMdMmShnZIjNoC2VsuruSjMTbJ4aPnvkxbDkMUht9Y4tdTmV5P83JYfaNhPgzaAYlRDE8BGUHLMORPtSYdUpNfD8ZnZZAAjC3h8oEvWvwve2P5mFl3oynBXIY8W6CI2AfkcrdO3qI4qaF3YyXVMTQjE5zkJAdR26PWFVzLScpswH6NdhpWpfNlUBRYCbeEvoo4qdDPFtv3DM,04/22/2004 09:46 AM,223343.337877,11/26/2011 11:29 PM
62,qCOEzXNevLRd21nkZRpLm1nIKBFUXZp6PF6KqFFjdWXYSY4XsbpFFRdGuLHFgbIbgfglq45bb3oMhHmLZPc8qFvIlaQdRmgCyXCP2K68yqB4x5U2q4sDPvyHYF2UGYLeQpIK6rGE17FUDyFTY8E1PUP6KMvE6fPDNux87LRoPNLUXuuaasVMIaByNlHajs3zNWWi4U4mbj5hZqlLhET1iHrFmvNpAKls4d7aOns3TXb4vq3,07/03/1980 04:46 AM,924180.37993,07/10/1994 09:16 PM
63,hCoAp7iTKwdvRy8D2S2O3UY1gHoGOvyMYRGJN8yFPktfwGLlW919bKaSFb2zsilHAusJ9YJMvjQLZTJFjd,01/30/1973 02:48 PM,558629.422089,05/15/2000 01:01 AM
64,QCZACG4zlEg9ukVuE2RAnV5JGnEDKX5NbmWV8XRMTIeOPjZEX9OQ5O7VbJFZtZtTbtEHIdA7qZh3XMf4fGDlWpH7MbRlqC9nykrBxFjdsLW7Du5cBSKkD9k3k5JraXSI3qaGETdUGbljOwySdWcGFgByZmKGBwvrAZgD2BgYACWjFqBTLt35bbksrW7LiltNplX1fVkrjS9fBaaPqT,07/07/1976 01:44 AM,986045.305397,04/25/2003 01:42 PM
65,aUy4p7om9wt4YynI9sgPnVXjve5DxBS6pn26nlRKbnE4nPN7XB1UPEwjr97N9DUU5MDstLavlmkapsejEnKKQI3vDmgIOboBDIchqGPYNUVpgTRTz7pvQEMBzz9Q53ekGyAtBLee91ZJI6xbEN7VCPuc7Fh5ir44yLkSLIUsrhweOkCF19fXx55H7EA2y9tvZomaZ6W2QOj3wz8HsotHotcoeLac2e5MgDLJXAEjlEQi9Isj46uRz8UlW6DkbVcuxySCiXFbHjD9vxZusXkxoF5BRASCZ3j3tjczAIBNalhUW1y3mivxSZCxvh7jYCFJrF6MurhKBg8fEHIz71PT9npW6FQC7XCG6JZB7mFlc6WTXq3m9NweKbawjKYEJWdadPBrk7TGABrcz1GjqLOF58SbxiecKSIxKR1P5pBVWjbTcLrl1th56hh5VLl93UeG8qSxNAkH5Fr9uKZjsytkfwaPQTzXSjMj3YGjKJMXNYwHv5hxKOjHeNRRJYxhH8f4o4SueI4Js8EMxSxIZ4PYQEinrs3RJC8e2JY8aZvJfokZHFtIJWVxVNnGadZa6NjwpSKyT2deM1mJT2GI6JgbONVOaWKay2L7ArEVJlXEcK1QzZFoMftVJ3xHvEb4eUDQOnd8SDF2XKTb94AfrORAR4IlYCrwLZ4JGSKUXM4QX5fdQ4nX73ujncVspzIsMeOeOgMDYnqnFYYgN4wndRNpMDd3XCGABcOduJsTOlBANROpaQtUbnHdHye8gpccTrEl5FE4aZpwTwfLoAJf84CXvSBdVISMYUiqC3AJ92zzKN7p2zc5MZdn3RTEbBnSr1zXuKHUBcQFJdHZTN64ZxAyYXMDMIJzbeh2kA7QnrIAwkHGY7i37aHibkwo9n7EjNc6T9hHCd23uZ3ybiQxzS3ELFZTETXoTeBglEQdThpfwSXpgW4S8donYqZwHrnT4PhbtNNFgIiqDs8UJ,04/30/1977 06:48 PM,293819.462474,04/12/2003 06:26 AM
66,DvtL4poeji3KrGzPDhdzsaybUkSTDCY6jaS6Yy45d5W91HEFHrlFq79ER81jpa3f3NJO4PnUoikXU2VBoeTHSlfeLI1ysfc2M1qCq4XLQuUvPC19B2ehnY6IeH9rud3qmW2GH1DH2vE371h3vATWajkwYIdHfUwVJSCJHyHC36L6oMA1ntbdaMhkrpfwM4yhIPQPUzWM1jHmdybcrVzJXEUB12sIMQ85IMDpdxbBy1w2azqq3Nq8ZYuEQVvmyTKTAoF4dvMJ99Ee2lqkjIX1DGhPCHsfKFz238ZacfSdEQU8u9hLc2ptm5qOy4b9PvPYIdJs1KE6FqMrnCFHQguFfv7cSsurelJ1LbGGxE6HaalrezebrVP8LtrtlWY5GWR9wQ9BeX1idfIt4V7k9MdWAUzS9DREJMHydcl135CWdSodBhcb6dtEj2D5QnIO1MrzsQmd4vpZbf7oYGPUa112y5TPmJDg6zpbcaEHQJA4njVwbmIy8Yrncz1wFj69VbwIgAACNbtALt1BkdDrzFiZgSSkrfe7NTpTlUMva6JavzymWC85EB5Ati89PTfqFtIYuYF9Wkft29RgLO9KmUaiT4aIrOsgAi5J3sqFWcZZ56Ui9GFHXtK4UqcEzaxUNMLbf26Nmvcn3jx3j8UBc6xqcpamyTP35JTFRb1sek8Kag55ZwArgFhNz9hSqtUvKlV1S8ByHH294Fp7WhMR7oBoO5BYjGCnFEheINLTTpi1uIZaMMwearcVW7S2vMCpI7iWrs5RW4ZR1D47UAAEnURRNRuks23X6OOwkLuPDLYiHirIw3xK6rEm5aPpJLRbJwAJ437DrjAhzcJ5XfZZNQt9B1xGmOozdMycA6TfCeLRLLBXkNdpWL3wtVyF1zQeV5VoJuhgD4bx9LzfRQI9puVzprFUOTY,05/03/1995 02:40 AM,279491.216939,01/23/2002 04:24 PM
67,1p2dXMPWvxTyozh7YajZIwhgvbK9Icp9ShuWOvc12WAgIQNsppT87nqvsj24dTddHdmqwQVuQBib2MtB5AJvatLWz9hJuyLimQOwIXVEoBLwjNa139xSADTSKpWYD1NmunpX6ZOCjvsQtLpUBQ2Cf1BMljaubZMTFZVO41IJS4v3i9GISi8EBSNf45iabkHnAlTY4Q6zdt6abK4OponUl8CMTOVgSXiCMakhL75U5bVESeggRrqkIOXykbt5SRV1J2ZoYHSUHjbIXSTKh4Zpwz4fJDshriaQt8A2PuRoBzJg7p3agSXqY9nPXV7zPNvUftUTgyUGAtF9sZlgnxk4GWGUiSFxnpbKOfm7ECJChmwb4FKEXb722S1tWVCmhUBM4nqpTcCCN5rd4qPv6gQFKJ9iEQCQjsj1DDxY5Ab8sVAJ6b6S3ZRECAtnJT5ilte6f1Y8nDOOKEUuuRdSbwopBTf7slRpUwsFwLVDECoielMApZtDmqjwkXD3Lc7s2eaUpbdVrFj3GE72TQ2FpVLrXhecbVCRLZn4OoNYQRNPfCXebKc7p3dlf6Z,11/03/1984 01:31 PM,709297.781015,06/28/1996 08:41 PM
68,786Va28iX8eWFyLVbhHhOSq8AvgXH5lpabsxdAP7kqS1Gkd9RZhyixVvwegB9uHjdPpoOmmyaFDoyTQOvy8YCFl4LqtXMzM14kNzSxpS46Yh8ixdL571v6G8IsFDs6MVDSsdtZp3CdHL93xb11lEChOgAsQHANLdgYvg5z9EUFzSpufOVl8UIjDHuPvflc7cW7WwrESd4pLwcMpgEQF7By9JLqpY5AwZLOcv69UF1HarQUTeBFjne5ECzVEHAfT7PbzuS1cE8XlCAJ3bbxrYSGOuV6Zir1lXhPgyqQJwVZ26A,12/20/1982 12:34 AM,879983.734432,03/27/2009 12:59 PM
69,wc8AwXkBehHa4ROnEtrB6T3k4JQ3Hu6MaQuR9hQQ1B9OVsgHKQQeVbVA9,02/18/1994 02:03 AM,841579.406846,12/06/1970 07:11 AM
70,dpekpaHA4rFbDkL7PdTmG99jvM7poQmdwkMZCVTVkJdvFArm68vJNY6LrtGClwhPOIYSdcUGVPRVpEuta1kLGZEAkuSTbaLv3NZsCKiaUafabzXPUtdvuT9r3AH1uYXrQBNcjgwv6ZS4tsjwKzPxz61diXIkd4ToczegCyWLGsvnmyQ8DuFmB4rNO6WnMY2Tj4ZEGkZK3vXTsGJ8UvA9UnQzl6ShVxQrdTxfQN4sothmRMeNTiafdOCdJBWmTi5gwwt4U4FldiuIeuDAUicigXmoBvAu9nSHgaTijTCn2HYpfBrdgSQzI3WUF2odFXawVwOBF5Z5LzJK3HATD6rZjLpcYzZKlfTP52tDhRXpVIVz39ZnbEcfrC8ZDZ8IavDHZIAMJQwzTtxeJeKeD4EsfPUsaJ22nR1w4EOd2LHSABKAU3xq25SnTETUeGXWt6ypK4Ktpb7eMFXCHHQacHrVYJhhishGqIMG1MWRBOKJTm7OiBaVKJ4HUo6D8vTxCUnlDBKgCK6FWExNaJE7C58CKspHdJWYcT5VZ2gDSW8snyE4rD4ng2n1tgZRRKFYBx1lwxXxDm3qcgztipQ95yVhyXSYPDpdivs3puRElUF4a5AfeCJH3dHs7hIen1qX9MHmecQHulDM1XtRS5VFLyIji2mUZuI98EYApBVkbkwQfYXpSeek4ix32mbVSnkLgpqQJjaHEumxCFGle897hClsmU6pkIjCiek3BMfUhKYULfXJ5wENgiUh3TeqZl5lUeG5LTdOe13fjwyRhutbUVMuRs3oJOeplnit8uBXiOoY2T3XZuvJwJsPZ1Yd45XIFRv9rgOnQc9ran5,03/15/2006 05:45 PM,997878.83556,06/13/1981 07:20 PM
71,DI7xdzaIwtQVmfRGopJvgXMgKjpAJcjVHDKPKeyTEU9F9f9BIzioOR2EgY7SreMjMmkbqtvCBdkAskgwa54eYuK8s62arTEu2lVfMEWnlPPe3iXJ5Tt7LPFk6wiFXLGR8uD21zJBXWvKKdeWxq8PLokrY54VM1EeFBvNMUwXu6jPDgu29MEQqqCycwFblo137bTtnArGodanNaT3ZZchTBav3Qjd5nS3YNmyUrrHuwN9pDGKnQgDjAf2x8zxh4k7ZRcWi8CXguOCSvMm4rx6w3ydl4SHhgRMbYWiKAUMxuPbuszCk5IOKXtAvsijDUjEGOZmZH8qmdJAzzEGnC9mLNC4h3TvTz3Tp6LoAjYescd6mmftmazg1s33eK2WRJLRwoSQF73DUnGc4PH3De7pI2KMwmmjYb2lRmE3eSIHJNEAXRIQZ6PiUnG43RsbuJUdpmFJpljuNJOmII9uuiNhwMGen7m7xkLLp5wihCLuO2QS29ltILATmz4htqpIg2HEGLys3UwujdnClVKHPLk2KtWCveiqmUKw2mKmFyN2DBFPS4OqQnc7byZMp4bl7MOKjUGikcueww8OSRddSpdncX3erto7i6j7DTHSHXrhpgPPRkGSMwBqfbMxjiax8JZy8vNBuFVSYLwAJFeooPJe7mOmGlI51O6bBFqZ1NDJ2s8m6g6zv7YNpePmlQr5z2eQ3hJithXAsfnP1g2DjwqAQKi93bcY8oErQ4Jstr5c5mAei2nL9sD1PVGA,03/09/2013 12:36 PM,322966.855145,12/20/1982 06:09 PM
72,hQwA2rGfdacCkeRWF4JJLyD44cXamvUTC9cYumMD6vS6EW4sofsg9NiXqvY4amrO7yDbmLrAJo9YCSdt2E4fdYHFickuarxCTsYw65dPPgRDhQOOImnjg8S14HOjW8tXaTWDG3lfbMKsUrHaxfAOultp2pXU5WQu8cLo1F9rqj8r2sKaBfrqMnGo93xDcBodFCeT1yw2wJICfPI9XUQHYwa4SBW8jiJtVetFQwTzQFN1Mpq8KOIahfSmKLITYmXDFI2zqLJMegztXmsaQ1rLmWRI4fSXNObv8UkZDmBVWOPCru9H9TVllYR3boiJtNsCdL56kAnGZKISfCT3suUnrsuddn1OGNT3Lu5CMStrK2DWFlgLWrF9xsYUrzUNrhEu2jeCvRHq1CpOJ8v9tQWpCgmRtQAaDLg9pwhw3A3rP8Gf5h98GOpFahIdxLbrzGDpwo1O5ujvffmcqmfZxopqqGghp6lgJUAOw27eJY6pSpWNL3qigIRIlqRFq5RnPdfs2kUyPbFslpnSHgsBjapG4EJhkGw3Un819HIHVvFgmupX486nnIMTKRr9lZfMCMhez1AJ1fDYJcGJatxV7eKyIXwrPvEBXPIL4DN9UzF8jjE3INg5QfTZmpqabGy28vW3wbs6oduY6DEXQlrrAYGQdPUBZkaKH7JPyOEKzCLT8yiCmGqFFc1OoUl3RwyN61VakXg6tb4q7bfwRkrDzBckRrBNSdRRLnSm3sVUkECHXrbuwtn2p9bMdxIuIQUVqPZpQqoAAeiemHDoyCNLgtm1xSEfpM5s2psEN7VYLjzu3gMo3B4tQBXEPkMOZi7ACghcKVxpNnd8PdZQsLZ4YnRYuW,01/28/1996 10:59 AM,476711.304865,04/02/2014 01:18 AM
73,mrW4wExvg8rc2PXPfKdr5UOTE8GDb9QLkWWrljKx6Ez9HBUmHDJxz3tU21Wu7EXXaSdkz5cU1x8yWibnm297iqpm2o9F8TXvy12tj8yifVJO3DsIOf5n7GcSQ9ue63x9wJXX8umVO8CXHy1YdsJhrVDD2AJJTKMuqMDBQauiEgOoLO86n9rPREwPV5vfOFTEY6kqRWG6CaMmdrPJ6dyPChg1uiRgNhV3mZF1m8CNVvYXhzGBnvDxhu4JlfJecuOjSZYriPwkWW7jz9lExqLCXL5wdeY525we8yBCLyjgtLaGUpTmlExOkjd3KrSBV6R36we4EQTR43E4spSNQk7wM3MaEaWitFZqB8f4WAjbZ7HeucxuhtIWXp8pthdPWyoyI5vpBgvVC1EDZnaWJhNWK3ODff7txJFQ8xIf4okQJkiVzkxGiBt5ZEuIqiT1MQsmrz7f2llXSOT1vWo1h2keVeBvhHFUIquQTDcW2kXJIhBLMJwRaZSzsmOkSXeKlvcDF1Kv6BfbjS34v3w1MX3Pq88gzKYW1iH8eYSEx9Rc2Wfaz9l56PIxsOQ8zzzh6ZuDEXp2xYI7ecQcwOFZ1MaUbsdohb7dFFictYRXl1v3xbJ8atSAPZPPBy2WoPMO9Tw2rnM5m5n6yMumy4vLjwGN53sQ9cFzyYzEY76O2K5xsKnIHOHg499Xcq4qzaFApZtxMeYcvAOdAFfA,08/04/1975 02:33 AM,690988.173832,11/08/1978 05:57 PM
74,QaAVGnXqhj5luB6FjRHsPbkgRMZZ5axCPoJWzq7eFOQzA22StX5ynfdhAyGwRCP8zsXVH1BxLUNgWcaiWVltnaHXDabar3iqWqA4RvBhC3SiQPdttfqihVPecK1fOTBnYjRW6Pojw9nu4nUAiJSPSgz4TL2hEfB4hwuvZqv7Ktbgdog5IkhJKkCbgJQUrmNUv29Dn85LnRpjHGpZFwbQWkbiZgcs4a5EIlFZIUTaPljagcDzox2wuu1cvUYyhsFdPQSVDequ87OEUhlRxdNxlCcB2dmxTMQOmJ5XPnqny5Ij7TxMpJcHJIuK9mwgdlaRaVIu61GWfbMEqSKwSf5msP2Mc3RjHHlCOuLvUHb7bmJy2CPaqlDrOsIdZaev2BGWZ8sRXBmrnqgxRJh33dqOQBGYCDGVfe2Cdc4pRM4IrzXVtzyFwI98alEwEUOiIHez539qWx4ogZCoYKNFXAdMXcfLwk21UGMqpOxbZ5EuDuYw5UlP4s2SnpTBbHj7sXLaiGDdpaETmjWJSaXwekt4zYroWLqKBp3pKHxaWTecAM2jt2UtX2je8eMeT8MpUuNOoC32r9bzdJ3IP9caRwxSKgZcmb7BhjhrqahhVpkHALPY2yw8zsNyH55van8jrkBj2vPE117ms4w6iyvvUwutifwFok2KUjqXxINXvJlyjzjDKzSAQJoxTEV5oKPzDGKCBEeRylizmEnshQLKNt1DvNya5cWRvRzgDhus4lZSHFlYoMbdN6yPnB2fi8x4WJCrdknzSNaTK9HIcbZn1AoI8notItGHUaGpKUzN837y3onvGzLzTDbVGAfDCc48PBEfKzkjEK682qRMTjif42j7DHBUTaMwreRNkIOHkomlpVlpeUyERiFAfbCW5H28VgLGCURwKGlNDqu2O3SuwtGNYRBo1MJbWp8qa3yTFcQpUnfd8gMmInKg76IPePO,05/29/2013 03:59 AM,495476.230961,12/08/1991 03:50 AM
75,A6u7w46W3ONcc1YAuMO7AYOUkUAqgSx4Xff2nze3zvgKKpiHhBofLGvHzySCiEUnSikE165CfSf2J4D5KhWMPCdDK1LqwJS2f5hoc9AOlfUgn2NAwSYP95MOJTYtoqqWGdCuVhzUULROFxRrRtvEUJLCJnpXaSGS1XHWP79qxS7g6XrH9OCuSAX4sCpomULtNjXUAR5FPyRiH7FfWTVfu7EAW78t3oVRbmahYpCvuhNPfm8UgpI5cm9Oyd9RFiBFxtiQmPZwGKQ5TdrdaFCTUPXWvsLeywjB7EbpMKrrX,10/16/1994 05:49 PM,50871.3059806,05/29/1979 01:40 PM
76,GPHxMMVRwSfp29q9J34KmY5mKhsxkSduJYdGgyKJR7pwPU8wvOgHOp5M5AnHq25CsVeKJjW6FWbPKd13U5Q6GdoqHD8QqTBBBffTqPs7YRq6QJCzugCYNFGQee2UvaJuJTCHkVlaiywpKMebNbUfpbiASqm3CntCGPC7U5ZnlfLt6k7Z4AOHeWjK2a8jdWR5iFv4N5EaSnyjEkioG4mS988p,11/20/2001 02:40 PM,831846.3911,09/11/1997 09:35 PM
77,FENRr7AZn9KN3TGvoTRt1clblwX5Y4vnzyvfzJVcgYBSlCxM71s6EU9xdDE6UyZaSBcBASxhYdyBluInBqZBMcXARyVNXXjHQheAF8sLbOgcwFcPqcXH1SRA58Cbf4ldSHcYe3GYs1JdNpTgP92AVnI8R24tgAJOfMz4QbBKihcQZhagpLuHhcDZP2K4YaNjnSUeSvUhgqMR15D1bpBL7TITZ96BKSHXjNJVL3Sb8rQ59M7UbgEzSUPJDGJpvcKvvl7hnn2ek3BWpsPKH25sNisMrAtp7eHdqz2rszEU5E5DKnEARaRbFyGV4vl66L5NhKmXnjNhqloEuUUJbjBoQGqAzDLFTJekhdA685lKTvs23fR3zUL59Gq3bQvIiKQG3X2xwF2WVVql5MudLDQxNgvULQf6btVntFMLmpI4AwMLv3XI5gNfLfEjxoraZ77V65CunobPBdiSNzz4pihBRraOg27U89QBENDU7lyC9BDm,11/08/1981 08:56 AM,915955.159994,11/29/1996 11:59 PM
78,lJmIp5KuNU2WPebGUsXO8Fp7Wu1EH4S8KcvUVF7fpsw9nMFWEaPh1wPLTPf6S7311IYOKNQiTIBWoAlngFAwnC1jwonYwFR52JSmYCC9krP3wJCKSafFlzIklFkVgX97lCO95nXnqlpLxvEtxDsQ1lFvWLpUKHnICnasbudc8bOv9cmeu9iEy4h2B7yt3Py7aThMd74Fo369wuleMy3D1E1EmB8yNJXPhHwbUUbqxsld2KPzhm37KHQ1iupA2lPVT9jGDkrqVLZcehP9RYkQLNOCP378UA5VHQXgr3nVJfLxS,08/12/2012 02:49 PM,796306.483927,02/04/1980 06:57 AM
79,IYR3HwBguledbz9cUUWvrntBhOZjkGpJfN7A9iOoywtzMIrJaVRajrvmJwgZhYLIrZYf1sgOqvawvjhxM5b3puVMhkxClNsnVAk1GTEvAHxkY7p1mbsVnL622jy7gbfVB8z5EMLqnT2UBHFleeWAdlgL7Zj6Cb4JaA7WIMEvwbWlf1b3JBabidlO8riNmqJCv4WtKwJ2jv64ShsRSpbz6kNKyaCfqDUq2RShaMTs99LHzKVlPUspCWWNCiHt31Z6PPvNOGWdOqa2XApZTftjWb4Ay8icyCvc3lNB9NejJh4lMZucPmMjGbAkxRmRYBH4wkUHBpliW7QWo8lItdZzNiuEnzHcu48K18iJU67ms6E1wF9mpg4EXZQFo2zFoDtM6XB5laNClcNs9RH3qcccPXMWHzqywwuANnBYYXrRcjSwmrP59srhIyFaV6LbbC3NowRxJyc372JT3LAGJUhz4SK9hYoQjhicqnCLbdhc5Pkz4JDdUtW3zsmfvy2T5taNuDs5Wb,10/12/1987 05:54 AM,468276.631168,09/20/2000 07:51 AM
80,4ddSyFDLEDhIv8NQmyU1Pc4iZHKcdCb8ZzYfvP8utg1y92I6cpOWNb6cVphbl7sK37FAF32Dz7amvur87QhkmLOxzJgK5dlYKXTpYcTJutlbOq8kNihd4ZnPgGWoVpX4GDUsdUqBtPjBcQMw5wvUnVf4cj9zsBn9uZaNsqYvUjpEbL9voZeSa9icJYvn1bUA9AlxKrKUfGtcsjvIueTHc4IYz7kvSi9pjn8WkyqsjLh1fJXS4vQtbxyTOQQ3RrxPLj9dgV872SU3XwieMN7PPoUuD35WNsKUPihqPGsVpkXtjNilJdoEiDGSFV18ERADyOUKQpYc4RypMw6sVR8X1hbKTI2YnY6yMFLFTWU6Q9ef5IAlFwZWk8Zsgb1n8R1IAXb6PvRsbVw4PwkWEG69M7IkIohZ3XxZ3Dp3UlJErmwAG2JhG8xwt4gW2BSzwGsry27fe4SqK7UysDn74J8qXOE4yBOiA12krbKYy3moEXOvXJ8zdyWdtfjUepZBjkxkZS6NpbdrBaqNXoNZhcuwKAdlLHYZEo9YX2JJY9oaWYMOyx7CWPxFpwXKADZxFQLQo9GS5L14EqEbQAbnyT1Mi7zPnmXEBtCt1cxRwQujF8f9TyWx1wKl2Irbsut95JrD9lHIZ3DoQksaKStesj8pKYqT7H3WexrIEQMvuWFutLdsxqzWTl5iBkJckSdHzWXhoNAoINWlCMOzoCFLl5peGkxk53bN2jBSjkkPnkVfi2dMdqsYnrlbMTGschK5JxqBi2XiImyu4KFvaMCuGReb9tiaBbZi8Ve1f5FkjiZee3x7C71J,08/27/2011 02:37 AM,417356.152734,01/15/1997 05:04 AM
81,YJxge9khYMWBjWMgWIPLSqQ5pv55el9OI5pp1bqFm2ZgI6ZLSmMMxAztFfiz9LKbjfh1fffaeKePSlCwyjl7E94m2nM8824zrNyFaVtHZkX58G6fytilnsVYNlelY5lsj8EKaCtaeAlxmoWLENYZweVjHJtmpbqkfg3uEjiyw1BRqUDekD5fRtc71S9gPlMnzCGX9AKfwegyqkmYheH7NeegxGDeWjChY55eLkO9sQlff1gBaSlM7EH3rAytSa9G34qbfvA5bCuVxymF1NDQQNlwaFEOeBN7ynjDvLqUDtDr92yN,06/06/2001 08:15 AM,658286.487984,12/20/2012 09:22 PM
82,sI4x2ONwohAGUzuXudfFbepRnScYIqNG7jDFHtuk6uwWUWiwh2cgHIQ1kFzY3mFhztJuUDQEbgmibHk2AA67FKNABCw5Wad9ELOAYhNFPhxp653pgZPAiu8fzqom3DIGfSP8FmRBbMsih6D6AAVuOjzwBHSFsgLHeLXpFMg9R4sGJvDVfMuXSlvWZXRtgKQLvPIZg7plNJATqlRyCbkMRgJ8PulPafVf35qTmdK3Fy5CdZs7hyGEz3n6x98wkGcrGznN87LHVJqNN43a1VIZjkg2EfjXY26gpCtKenZIgpSDTBHT7zfonC3eVTXGo8ODlIB5ZZrM1OQLHwCt98sAtUZvqDoynXKmmgphNjoz4GJaLuraJMhTHidlzCIenRcmreezOeFcfDmzr8toKdJKzLJr4I22mMGUSkUW92NZTnfWvm3ZFoylWvap68NhH8QBx79NohALFGrbPVtNM3C1Fx9slK5NAEIVM8zQhns3VMIsXJ8o8AnekRoKYNKWwJawNXGK6YgdPUopscJ8gvIt6XxpvJmg5AyneySqjIKJE9g7qFaiynimvIZJ3Tc1zobtrf1IidMhmEOeA4ZduOxgzGLMRTl8jzT3y1PFnn9C1QKk6mMA93PZLvQybF9J2m9AoMfC3wtSuZ2RTmpdw8aB5F5ylw63sh1dHJ4WUhZmeuMG46dvF64ZCofj3zYgnTAzJle6Ftum6FW5kdGSZRy43xwPmvCo7ILtsnu36GM4IqdyLqvPBVvTRsJym6S7OZKKboXrGwptG8eTkleHex9V568iyFcpUFjJnaR38Xwar874W8oxmLVKVCuJirl82Ro19VvtFsGaKvwaXkOISTTh3eIdIHlj4fztssN4zfQG9tMJa9F362p4ZuvJfMgIaxeukpf9jnNZdaXwVCHAjTF3Q3BMJCeBPXnrMNNgh3ctk8A9h2HNs4Xuo5aRf3Td48fOqMSwoP8HfoZ1l1ZcnllQf7SkTk13unduOqGv4,07/29/1977 12:21 AM,267221.344857,08/13/1978 02:44 PM
83,TXa7CdFvUF4l7AfG7qdmJGwAZua6ndgZOK9iqxl5DSBlhY9aI7Vt1wDM6R38aVUQdugkpzc5dlFpSvetcv5L4B8Opj3toHw84k8jHbyFtUc1Dc9DyIAiAJ9eFCYf1AJiWFCAwGMb8hhxAOtNPX9zB14UPbfMdQieF52jc7pB8i32PCcIOFi41Y5YcUX4LfQGZQhIVgq8PyZxQuCFzJzrq4Tv64Mr5zrGaQWPPDkiMYNlRve76IOZ1FkilrA9nT2HL8lGde6LWFWbtV7IwCBWdXM9fGj4mwKL4YnhqMXKS8HmRgjkWkBnlof4oWnFFM1pGxUZeDMUmIQqRz8F2ZdSxPeTkvNRmucuUSmkRz5n7Wokd7Zvx6esSYdwFVpoXWNRkWrAoU4xsJ54R1Sm3qdPaKraXxexmuIE2JnxgosFSzQvrmNsMG2D2xphorEKhkMZN22FX6Urfh3f8T9Q3iIghCzJhuHXxLWxSclPjfvyGnA1slJZGIZSk8xudLhv936nBQEBAlo4q8IpZozhhrX4rIrQLeVDTjByOvYXzqVNpQqpd3LYLX2xUzvQMNiEQhwu9bgsP2EMipZhrF5nRZG4avkh,06/12/2005 02:26 AM,898738.185302,10/02/1999 08:30 PM
84,fCeSOEcu6sdG61MC5ADaY6CPwTQRhRmurXcxqglJZGVV621eh38wffKR9dIa9yzHhoI88VtWKwBEyZPJlDkmSJEGblouNEkseWwHgYotK6dFYK6fUanOSu9esUWdv4noG3T9eKqFUYRIXsUBkScI5O9QzTUj3t7tnPSpuYR7znV4ChBsk3gum8kzCFtMf6JosXpdpTvnV6pEmHa7dTmDdJTxDHY6DYYg34nj3dFJzN4bHvMzXZiAoTAcLXzSsUFpE7RjGGYZwvXM6bISVaISEOn7P8iJl324X3y1Bi9wWBlyeff8DcxFaC1PgrAsHzdPWLvK9pw1Xf1YBDHmMtgW3S1GmfT5NjRUxO6xXvMyJDdsUw2UapDxYHD9mMOGASFGMZXNV6aphBMljHmxgwhDyJj68ImIIanvptT1f8Z4vkEJ18ks2tRnFbBEroXsFUmocrSU5WV6udWT19KFVRux6ucrltCSTj59789alWPUTzAA7wYJ8vhamPpo4lCUS8gvlFJGUQDXRy3fYmej84DruyBiUJT62RJ5cXXQcNF5riBCsbetywW9JN3tOtw4iDGRsU3oTmwFwiHEDqIPaMNG6dGyZk5UzugtgXEk252QYu8gYugdwytbVQzmbzfQil6qkCbkW3GXFQol52tXan5wjkKEt95U9LcaNTzFR6JLNItBBdZTITG1MABO69PtYEycvB1dIIumbkvmrWENBNPPcJL1WBuK2pagrPBCcDuD2l,12/29/1979 07:20 PM,569246.699266,06/30/2010 09:09 AM
85,72E4LmT7SFOkH6rHvrQ9yOmi4udSNgqDDxSQrDIpOyh6p5plC5OV1W1x3sKZSFhV6DreI1dtOto8lpGYUL6XphLDerXsLsGisuCRhUrfmExZtDO2rqrjJwgLGWgaeUmRnZOZPa6Kdo2u7mEdqnv7MuSMcZ6OPklw4NwpaEClmSSxlrvbPr2bCaDrXNoNQgpU6Y94rms7XMQn32pLsw1nE3Ol4UVKToqWF8mbg4b89s1a2naw5E2c1w8Jsadp8JGQpnbGvSImpgWLovt1aieMn7TejLe72vSKtjHQfGSpW5gBQ57ikCjDV2GQPkM8nGTarqpuRXoJszMNp6X1j3HMwUhlST3gTnfJzgEQAnqQdJi88KMuofcZLxOW5ixk8beWvLwNzHk32QgltEd846AtVW38yElVsYDuag8TdHiAoy4tVol7k61maj9U83yKjeZcPOYvOc4yA8Whil4Z8z3dZ7B7QwUh9WJpiC2rQqMOOyIiCAADt2sgTwBleZfUZMw9Omgp2CC92JxcBmFwSFpM2kzlXVod,04/18/1982 01:46 AM,447319.683066,04/17/1987 05:54 AM
86,2ECjcrpm8RhyBSwyK7RkaC8PHLBsIYpmPquUYhdCYnljjEqxJaIihMoUxPTb7ITXXibuzoqyd5N1ORhWXTHNEQbXusgvLVrogVbPhxEQRoSDQFArpCIKst3LmVO2YnHAfrzgq4nFeNDLdoTYzUTeU5QaCOCztE9uvwQbqFquLf2LAYdC8U3rRtCZeJ1q9MQjifFZ7y4hDDZ2bBqvAjsWLnwwFXzwvRTsRgQTPDef8S35ScBJdXODxAeZwqJJOiuCynp5yoDy4lcXU4wNDbYv6eKexFkwhvWpf3EHb5bPAuTyyZW8dABK3YeYnAhFXvqLGWe1Xk51yTc1NVoi4zWWy4lUxXzg63OAkexU9F3K1V9eBHVgMeokLqLSAkFOygHKpRfRqApz3uUXiL3LssDrNQTVDBYhroanOELlZzfd1a138RA1KG8tOlE9tMQQ8VkjFJwjR61PyMho7GllSy4gZKeAebxnKuDrdFfYOmTmai8SwlZhsnc8NXWmdsskt3MfTkRSQdgBRmgFS5ScAcphyzWEaE4ZNddEFRtG,09/10/1982 06:51 AM,357381.932593,10/13/2014 10:00 AM
87,FMDwKtQhydJjdO4dzqZpo1THGpmgC73MaHWSe6EMI5CyYA2tmDqElPgeudTmI5dwLLzaLgzYnJjwP78OrQJVBlVques4gypEtQa62J1o1UisPEMQnZGhwYbRuikLq3HWapL1ZnvE1VJq87vwYVPSLDAjU3IJEQvDEscmsSygShbqevaTEupqks85jnreWJ7mF4jvmZaul2dHOcxQtHNIPtwi3SvElKHEaWg97r8m9vWoycLp6tjzyU3WShvwhFxsrgfyWrl4Mh8RoNMAKyZcL2RDAqvPnLCnGro8cI3ckHZJaIw2xxHPuYUFaPFlvAVNZ3T2i78Efj6G179G3yO5N2qpyHSVSUnCJIuQtNy2mToHRONoxIJhwonCWgJcHAvTpgtDAM8enbnHFrCKIPbgTqsiNTK9dIuqUpobTGlDUXj7pX5XQs1MdjvVQKQfMctzTi4qCYUg86R6oJDgUAKUNIybr4dklre47loQniF5bgfu1xi8XkX7PwRX2xuxBVteDahNopSZqIuxgu4NWxpiwNDmM28wL9hh7EUQ6AS1GI6xAAfgTKKObcERZo9xSjfg619bH68YRndBBAjkW2wp8AavDr6S4gMDRPdie9akczrQ3xF7TCFvFtgZKfi6U85ltAdPYC5N,06/05/1980 03:06 AM,455593.264083,11/01/1987 05:36 PM
88,LU6mgYkUsRRHqNN2rcvwbeMfLoH9OZopUGmrRXbBUK6BZnlrFhx2WexV3dySbpF9samOT1Jq2LyCxYoaZiFaImCqpflgg935iREk4YV839AA6uUad2H5l8DJmshpOzYH5jSH2oqn6jImzvZDJYoYbkDQSXRu9j5jmssOM6iFbEMnfqUDkhv1WYf6YJBVMX6EYUEmDMrZ13cPDLX13vo3jPRsIVKxMdhBm4a1SlI8t9Y5ncFsvuzQXyGBnuScf5RldBd63kbAyQqgCiCAG9kr8lmxp1iIblv2Mf6cDrDs1ZdhlE46gwf4h11r5xa8XgLmLSqbENcmfPnpVYBQeRoCPJR6zGaV7LPO2lgTJ9Eqq9UNddiH929SKynebvmmMx1J2,11/03/1979 04:23 PM,772021.016458,01/14/2003 10:03 PM
89,XrwWtF5dQdMiaUQiDjTm1n4lh1kc2ZESWKndqVUWWQWsUQEbYF5TeGsnZLG7xmjcJvBfzPla9b856Xph217tiAa16HRTHc7OqWT9H3Q4mhewtU2lz3unPdIiFQe23nVNcV8VhIV8quLXNJ9CW55i382atFj2oDh8R8aoV6OfdqUPe2pjoEcZB55aXlQxeNssqUUq2zeBNyGjbx2uheWp655siAGiheETUT83omw2nPU4KdYIWPeudKZWC1,02/27/1982 10:40 AM,493229.617771,09/27/1974 07:39 AM
90,be4wPqTxdcONgW4B3VwZyqwKIlHrmhHVISQtggx3Jr6QgUgqJWkP1izejC7SgUNWvaw2QA4bRyNUPAdNYHqCCIxy5vVfZW14rPlTGBqTZx3dD5XWlmDQ4QXmWfFy2N4o9e6NOejKrhGmLqaLCC3adF8aF5CxwlAyFN5BB5lfuyOaXmLXbBO9mdEgvTx6ivvSMLuXo2JRvlVkK21tMB994CcvjRCBzAiHFEiMShRpNhUCJrxJqiOoGhzErqPqNqRrH89PO5ekAjtoKJA2P4JtnubRpHIetfmsaFiY8SlZGIHLrm4FKNEZuNM1IpMkMhLwAD5hXfglhy6EoiocSUbtkWZLcsZSgLEhkOqJU64d7fHW88Mesgc5Br1rMf9x3KqXugb92zOpLj7IMn2AFEbbIIs,12/19/2003 08:58 AM,812743.998792,12/19/2012 08:02 PM
91,4PCoB9LEP3QSLM37WJXvWLdCk2BQVRMuW3,06/13/2004 07:09 PM,796075.090733,09/27/2002 11:29 AM
92,3mdxgQecPPHEDlgO48J6Zb9IkEzRHuaXee2plgojHeEskaWWjPGncK9r4XWuAZSpoqpW6ABImN8rLGaKTS575NfpvQMSlAtNxPs56NXwkFtKTGt5MXtUjpU8UrbEgOZQRlDz2LBneTbtdQTMJIkZRf8vamPTkVRmVj9dw38wA82yoJ1XWUN8LjBE2gqkvwOvkXY6Ii5ErTPLQLUA4pNoZQWzikuVeCT21xa9nO1ninUFYQhdvO2Sa4cIQq6d2fscIdEY7CDj3RCPl7EwQZa8FfWnTVPqCKbdWiwG,11/18/1979 03:38 AM,200192.139163,10/23/2003 04:26 AM
93,1mPreNzQLg7AJe4hTTMMn1iLiWueasIwqvBqtWPV5WrblZQ,07/14/1998 02:59 AM,701492.414565,01/29/1980 05:57 AM
94,rPFFrxreDRXiXBFaOqnApVIpuTKilglTWd3vD43l7mhcuuQ2D4fl9OMIQawnCzWjgSfsN9q5l3VdmAJ388zpbvs4qSY9Turn4FugbhVNfPaZ9F2QBkZXZbwtVPrkog7hWEalYSOQh7znwGfuwSarER7Iki81g16wLlKk2zrQOFS4Fdq8atuqwnbIp547E8BXUJECmojXwswYNa2HOF7GXyGTwN6RfmIEoTunA51LyqSMomTRchKTku8yzjzUCK95zpIvFsjreyKjEsEY1oihFr3eyyH63vCZpdDxfwXvUlYDeLrlolR5JDonnIMoeE7wa24O5bDqlvHGBw2mE1VWFiY2qWW2iiQNL2QZsrFDirZhpqm6P3MVnq33n8dDIJAV63C1fTj9J2ADffgmbpbEpNOpaotoMjYz8gGlfgG9RsTLMFw3uyn9OjAh59vdpQTbkYI4QVYrzUWBUSUztGPMnM173dvd72DUaBeaxpOmnBDGaUbpxVV4g27gPXASK78h9GMuWsfiHgT34eins71NTgOthhJHcd6cUBuyUJnlVQwaPoAtC2K7fbVACx3Qa1kN4jkVcidyFl,02/28/2010 04:12 PM,662049.487455,06/07/2010 06:02 AM
95,kpXMinzGjzjwRVaQcjtuMpvPcR2upMvwQ5MESE2SUqQ9P3Tb4STSyyUIYIkkFphL,04/12/1993 11:35 AM,810166.590379,08/04/2012 06:00 AM
96,nAAuH4O7a1aPBYIoYnHn5xUYySKWeebY8t52tejqFdfmLL3pUTreE7vzYSwZ3faOXZe8Ho65tusVuRAj49T7NgHiM7DrGHp3S1Urq1eUfIQIqJfd4Og4cisDmho5ZR3n2YBBVqnxEnHQ482lSAMToxjivwVsWgegjzhlWTIAnZEJdtQXzjJlDZooEe37CyXl4bGGA4UhcUyrA6LIg2HBpCJT7ajWbEsXNsFKrNjtYneD78ibLL12NVlyXoInD2HQs9EcfWbx49oD1doGb6ecSfLfYTR8Ij7XtSCeeASFRqhQdfI2te2zZWxoRJ7NHynSeTI8Jj7avoxsN66ILquF7t1I2lC2UdD3iCrLqdt8CbAvb5ZTYUShijlmNkugOfZFI7dFctxA3IXfO8Ob8CL6o29AFe8z4NxcNNDxPXhhvufvEwryXohFYkakEDhISvI4O9K2WE8TtbZz4bV9nxn7CTKcbx3wRq95Wi5O5iuosGdgpNY1rVyOZgsocnFBWgyHidODUxdWEl75qE7K7nPeeD2QJe2V2XZOgojL1kyKlNCSHjKKWdX1gIxoT67LuFn6AGiYlzSMmcCh93ZyPzbcRrTkUVvfBNTPQuWYqtvQM76vYEQiGaEWMfL1cTNrfwe58DzCP5f2lLjz87X6aiJ3ovY1G9YB,09/11/2008 07:37 PM,705808.669195,10/23/1979 03:10 AM
97,6dbtdVyPOfHIkFbNZqmOQgbmBhVmPlMGcIBiOIDw4b4z1AjSgXkpxKY1lP7YMvz2vJ6CBQYuwRHEJxqLYNjm3TOtPk9BmMz6sKNC5FMI6UI3CJaxuVAspIl4rbyzFsexTiLljrHZHf4ieFwQkMTZMKnUsINy3YljkjVevpzBPk6QeFP1d9sBPDdTyq2QdHTKFOawEnpmiJe9QTRIBfHgTTmsytgViT8mfh8sdsBjsLMYRmwzgkPrP3nNB6BKOOjWW1Lz1jdcmiNALZ6yi4t39ZfCmSDFl3rjQBwaeCtBT8f8Ff4HP2TIygS7DvDx4GHkk5SeXFMcwOgrF2qZdOIQsfDaHyzztCEZ9tWKwnBIWNEFRdKrJyIYb5kGdLcQ7kLlVG3UFKWJrNlp2IjJFCIpUfqVqcVdRSQBEbJ5Xs3IL71DZ4G2qJp1pDNyN95BPNx2xkEazN46pQz172sg4nQ242nyERqFieBSHmTz5bARmg1bGQDN7rUxiNHniTu2mex3ULGpqwEffaHutG8uOkwMUPb9Q7QuoEUSbwqZ5hAxuRIibMQ3tt7YCN3,01/20/1976 11:13 AM,165752.506477,07/27/2008 10:46 AM
98,ZJkwiPm3BlzVzRXpvLDXNpLhCVGr4xPHC4WrmprjTZhTr6OBr4mRRqOXxK6pZ9KkqhePP6MH3xmP1Q888BeNfgQFSjl6oR6cibUmm32V8K1ZjVUEtGWIbyzirVIn9IL1Ju4FZ6EiQtXWeVf1s5wTlzc5cLdZSfdUQFfAUwTZJeOOoN3LB3YTvypKIAZRBJ3ecSRJbYOfeX23lJtWuYGr8SJtACTWw1Yo4XfXmBMcPAcKiMBvIOTwXffiQ5jL9MIHkHJ28LHSJZR2kvCHMkTeIkXZLJJ6nXPTFYhjOOhFSjvbH67AOYg1doJZWmVNFTOZpHN3vI85IkCZ45X6mYf34icMpdgMaGfQDix7gKFr7WsZjndMxFQtwKuKiaSnjMCw3TDopmiCcwcXCI7wvlZM65cG2ZBxWbZWCOHVpFOguxlfmGKamhtvCEkg2riUmyvNYyBhJgEkSFHNf66xOT3rfHbRsvHSqUl6iv8xNLHYU2vL8zOSqHNe5NMpuidbfiyqXEbprfnuFEseBuBOptuZHRNQDg7BjoQaxbMLE2BPmoQXsWvanZDTToE1uN7o5pV2rbAHAq4fuqp8pm8k113DrBvOW2Jnvb18e7iM5kvAVrDBcqpKvNq1paJq3WRO2OTZbdcdqpCGeaR4dHhKVXuqbXrmcR1IJDuuJJSliMDo4ze99Q2UhvXD3Yy7TiTlls6uFz3kODlvi3kAWw5WErblxLauPATa19xnSpkf3yuF5IhcyJQj4EuBYZux5ji6iiofRB4HGKWcnnk3CuBhyjIdxAjvNyDYEYWeQe9VSVjFu3MBIGRQgdWeyipGgjz35HHdfgy8dKFXW2h5Nz51GjNQxk7LBCF69h5zjZHULkyhN7iQCAjyxGWdRIJmrKjomSAleJ9IT7cV3S9jQiQYJK3y2boVBB8ehMzwlkuyaGMjl3EgEElKs6cquwnplU,02/03/1988 03:11 PM,820961.374894,01/03/1986 07:03 PM
99,hTKHJsBcVmRFICMCVYjBRiE6YvC56XpHWDi3XjqA2fMEmsJ4JERZLi3e8PErfZFIQOKmKNUuKdKeQ8FQ8vXuUWXjU37hXBmyfv2SCl8V72r6e8agT6J8CQWqhW4BsxLGcpgbrNqZWx7AG7ZWVNrk5wu4kJzSMmRrQjTYapRbLluiP7WyZUYPjAqVamqKLy212NSYOO1QaTkOdUytKCMzZHRnrDSwDuW9cBP5KBSLgWDHx252aOfvhfgMlaWIEdX9rI6GrGMn1AHT8vjUy7sGtlVO2oGjBIHSrWl3NYwvz8LZVqO6vuAcd2AF3R6IADEbmMUvedCssvTW3UTirfKzd7yS5IlVgXV6tGzy89HhsgkgHyZoj5neYNIX1PHHSO311V94b9chy86mtfqXxUrpqASxBV73BUDEKwJV8J3GkrKYFGoiV5r96MzN2CjMMtb7aojl4n8SVRs8KcX8KGeDDrYHcPf4YuK6UeX5ChtUQtqEyzK4FTSTHUe1U4DN69Ew7CQumk6bXZazQp1PjchxcnkpgIFLyswyqSNg5YtFMdfzGDT76Fplzt9RFsN9gxsiH7ltOuTuCK3aGerOUpUUTeRS5qnSpIqm4oMXlGeOARzgI56dfxndtVLrOBshJQkQrOzp5sAhEWDM8lYQYs,07/16/2010 09:29 AM,320583.69035,07/29/2006 07:23 AM
