10/04/1990 08:30 PM,847330,705774.598728,MWMbL7sq6dPwAf3drS2i6SOCrvtSry9v4BEOvtVoO2yPQgrmhzFXmnDJXDEgoQWWcyz5keWY59hLZs2SjWIj9KIHqRP6U921zEePrESmft85d4HrQrZUNFyg9TMdLgpTmKnqtaj6qrtPAyK8Ss8SB7w55NIBYVQpmqgolERdkL3QwSlB3NRwlxs11PyWIcYZK94ZYh3aQlD2cdqv43xYHqXfQM5GQCyaieRuIcMVWzgIy9H4zzNcq57Dmappg8Ucoyshr4vGUCxifLeFMQDE5a66eO2BSVhBsU7qNJhhTr2Zy2j5WOVPvK8w4vfWW19B5jFGfO3aiFzyPKvB8IlIsLYvEqHfO9FExTgx1ycsqDtgjcVE1wz9R6Hfus62lqgGAy4vl5rispgBTfT4SKZ9IatwmL2kvFBfBLBvuInlLYJXJS7QpkQNJhZtUMIiOXPjSOFfpSThlolC5yZBsH2WhhbnYUKbB4Vo3ZubI3IaIebnO12Ea2ov9e5lRGr5E3Usbvp16D6tWMBeZAxnLQQOZfx5KzfWFkE8lx842v27oKueU5fdRMG4234YWjyuoSfCgDwavddUmjjyJo6OM7hIGafqbLU1bQoNsAa72pOEJhP1ZYkv9Bj5hfwReEY6Qq3evgPmwePwyZ1X1xzSxffDDCP,347223
04/14/2010 09:17 AM,190680,,8FXjmK3eIWfc3PSmo3XyqPYWa3dY1dTAA4tVo9aObORyp1ZdLIC45AmcK7z8zaEEha7n3MqyaOorWDSVEl78L2BFzvnpoYhYBfzGeKUkoYQkLwcApqLenakP,692520
08/21/1993 11:20 AM,470484,272602.630387,VVEUWZFNLxhofy9u2F2JOZR82NrtZjkdUiyd9LBgSaGyTWQgibWuSvU7lsSuQAbCDaLDjk1jIYACrJwoFpXzdRUlvKHAdpDFwNkv6AaPLU7FPRWlTzHDFUuUxYPmM4warKgJrrLzt4ZiOgwDcQU7aP2WVljMdQxJbmP7xwK5mvLpusok5JK19Wb7yCoQyskinLkottBFaqEJDz8H9u3s3VZ5885kTYjMDfe9Aupk4GTbu1hdKIMI91aV36UABPCsfFntr6NPureZBkE2sl,18999
01/06/1991 11:41 AM,744164,447970.917577,lkCalaUopjRqIniGh2wgRB3RpfpG7r2qwFhtOfnxBpLYXW9lx5JycYtPtX2OZQURhqf9aNrGLeu9PWbHjdtgtdbKB2UQv5yVONAfqnh6OwcOHYEPVAYaRBi8nGiTv2kXcRxlVg5b5KWJTvky8MBkTiB9IISENBhi8pDMy8p6m3AtDwvJcJumSWZIf24OUqdb5viXe2eI82Ai889ybRX7Wknzc1JaDkAuuSp4DERE6nuSffEAiGJldFP1iTchzZ7a9TupuBzVNSRLLiAC4XBy4vEDWgfGuHVGx6GZNNkiP9G9Io6OSAQohIdibRd3hGNVXp23TBlpOKUfYabRx318uLZSyWOspw958yhU4PfxxjWlcJheJ4KOisC5Sjt,73679
06/17/1996 02:09 AM,544496,448405.380378,zY1QURPHuGY6DpMDjOH3hnPcGWsW6JbWjvz9F3nyJZrnGQMdawqgDQVu4WQR2985gjOGJxTRFjpNh9SY9oTfvedwXXRVnLSvosro95vPywq6l52alNj7cpAzmCW3iV5o13NAXjxquvdCPBhkr4qd8Mx5o7HKPFNayiV7nB1DtDmlZYI4AhJRc1v1zCfZPtFu4lHHqumbIcpE5AU34tZ3yYhdbKUenc9YSyuwhe4MoGtbYeDdJFkxMe1htn6zmQ2rRgxtgC1JAMKUg7wCU4qFcT9m73aOVvSWNBPN5xyb2iBIMclnay74ODRZI5TskWIqCmPnMraaAcMmdimIY6SSHr8TH6fb4nqWr6lpuPYEH9qidrDngVk3w7ab6aZ58DBkIeSlJTOW6sQG3xVcqNXKNSaq24v71YC1Mr5EJPb27NTyeEPuQgSvzYJTupCWtccv8kKpfI5hYZFGPVTcn3wSR8kfIqTh1ZWUFSzjfm81q5ReIUr8ERlm2tTvRGPMP6vpvrpmHsAPJ2GgWArdrGQnDUCzzCfK2BbU73GPTqe,979622
10/09/2005 12:21 PM,261929,138010.541314,D78dS9ro95RxHuBi3T4XrelPWCQJq61ygiyYbw4nKIApL3s4rjzEL9GHVRQzzrMuHkTgEWSX,117940
,,982595.990185,flp8yCOpDpFpb1wJa9qSMZpWp8W9jyH6jy3WiDZWtJjnLMjiVmZNDYPgzJS91ERZ28PUIPljpp1NTDvHnCNJlQHu7yPzpHTFhcRo1eMiTG6BkdOHS3O1pX3Q6c186aSjh49xfLwlQLFiPuBvkcsaUCLeQDxGY8PNUbtJp6Dt2wT2GVoD53M9B4Gf8gVczkKqQhe2pcootRfoQ2zAZozODSRT6LScYOsdiySAR2Pe5Yw1sSTQUEnzUOg3PcpA1WDQqDPHVWx24ReJCyrZgxDmrO3sHtSzj9X5npYGoZpgdCrH23SQcTkJhzMI4njgxECg8t5NxtxA43bUfYeIkm3T3yZuKnbEU1NjDyPux8bSJYZHOznH2mQexfkNfSEwZuXIVaBUOMkfTT3qWjEruS9F1OLeVrs5lzJ7WeJcT3UtjF75iIxhXMrCF7luwlBqgXEny5NOQRIincRKnZ1rCuQth4QFNON51ZIAPKyk8RRRg3YfCZ3tgQLpmpxuReGQwrpLgKZ5bKvGYyvnv5eQICn4A6WsD9lIlIfXTdZ3lbwWUxe2FdBrdGXMc6troTgTnhgFApuPhA6AL5wvLh4RfdteM8icik1uV3ctNorNHKUtKbtT6Kqwsx6MEmRQ926sQt5a2SaDniYObncTYDYACtfh2KZeFpEdEUVBLTnerIQ8Q6jBtbYyUX4HPkP2yw1zPAHVFRvW9qSoO8m6IwITy8pOLbmLDR4wZgaLDGctlewQeBVvXwrAEDXJR2wypaKdTJOs4eXXtlWVYGckZg35L6G3xLBEQS6f75ljQJg4lFMHfxGosedJ8mcMf7NhOI2Xs7AcCrOR6nEkDYta9bk8jgpKEsFo93zCDItD8w788llktK7Vj3EUaifApj5RXEGnvTRpXRj4UxKgU4PURNFjqm2wbbNuSM1iaX9zVRheH8dPUSKD9FnvIQwqQzNYDfzCgY5rNj9TVmuIOlbjMdZgNSXoeZhQdNyoY8T4S8hC1,832049
10/21/1986 02:55 AM,596212,,ceEbMTIpwXEuZfRxaPWpnVgi2HSL3DWNb9MGWTefKIqBUFNrflup8b28Dj5ThSeoyXW5Cw9J8zm5y2jN2e5mWmrYpWoXKIJfzC3PFYQA4cUepHT4ANFiXweoYJOFmkzr3XQ7iXrpXwgOv756hqsWJL8lY11GTocsT96DLOMVvgmBgQn7G4wHDfQeM7gTqWScLhFgYVYkzJR8biZK4wumX4etJBlN7WUGaRfgk3qC6SCZmEfDtd4g6zAWsKLvxK12FxGp4Um14p8gQDkVi1uAfrvCbLtQLyINlNoLuTnw2vriw8NcS5qBg7OKn1pLUdtsIeH7BoMyYMVqj4a2sOww5bozSyC2LRyJxEUdbXTtY5ueirjk,674744
,873671,326378.46022,eo7BNbPNDGLgshq7XNmly6NGcneZVbYtMw7pJr7DLZ5hEZk2DBsRRqd36bD2rSxepZHEq4KOWk1EmtfP7NdhmrwZGGGL9QJDT6RpQYivK3mizXdO6GwwNTdU7HL3INpQVamdkqSwrPXJ4GYKyPzv9aOBZWIVM1CdomuZe4ZqyzhsBlCoIsLPLBGW6PMo1v8HmEPCtpK43hGvZVf7c97elUjkKV5YJLdOGiBu5XIOvOlwJqQy1hE47wBXXKyqt3mUayXTFOBE88d4oknne9ALZvovsEqiI8952aklA33c4WAv5Qv9BPR3GeYZimSNh3pxJjdCaIVvJ1zQF4FJk9IH3ZyByfFPeGg6dkBr8i8DZXtxlPDYz6ejCij8YmKnGLvhknGNb9cepyxJkNxMne3V5u6ToocEmHkvWR6PGGyBfsUz18GL7ldMeq56hbNsNrHRrPfpzLfylksw8LiUzhoqLgavWK9pWsMDwe8A2UnUCTyqNz1AlJLEkD7IKv3sUybhkqij1D34GCFKesse3eQFnArxNABVcjP1NHbNNZMry7DYhbWHljUnmMPvvGTUETImkgSMPgAxraCbmLLCnpHTn9wRWQJmE1kMmXM2HsiYxGfsdxOCKrqAvGdwTA7qJ6Kcj5jV8aOALl8NcAZ2ZRyWFnJdUQKrlxPfJ3sP,744197
03/19/2013 09:28 PM,286800,193754.824615,RkghJIUJMYgAqBYCjx7F9UZxBuedfFyl4caIs49WToTidevL8OpRy6bMrAFSZ27Zfamt2XX8J13nRSIvMHgdXgmTl5IygsYLp6JnwVI9fAQ6gW1SX1pZYYJ6R6BQPxQ6WiKeXWXI7yThcHUQtlwDqAbj9u6zbGV6j9g3KnKqFwVzIvGDkHB5ARvAyVQx8ZNf3mfw2UVyEYUbyqvHP5p8supqaYiNDDoEUiK2vMOW4iuxinBZIBSnL6xTdPnE7lS9Egphqow4RfmTwvGh41TK9CkUJyCAB3yjP5L4v2rVSoOBDOohWQFr8pDUHRlAbMoiLIiuKjA7w5gFrw4OtOS3r6tEFYU2nCapEboxaSxcJju55YXtlaDPLRKm1NOOsIyNe7QJnTtedVjm7ry6pDyS6RaIII1XdxwUHCKKipmSNaXlUqHHTRXRkJFUihroCfnfzXPwCNCR1jEkqo8ivaQVWGZXHfdGGUAAtyaUeBH3iEBLJOPZSZQiM9D5hby5dvYcMC8RYTCK2RE3mA5sIzgXUfNPrDK2GHK5IfYCGFiNv92RvqYy5vNR6lMg5bzQ2dYvpXgGNAbq9srZVz1fw3DKoDTdyVqLIXpO257Ey75alfulkRkNiQPucyIH3gu4qjZhG86HmcsoFueLqmOi6OCfl4hCDExYGXWJ9nxgJaVcxlBsOD5ow72MHY7VUXPEtlzaJMlAbTYKf1UsBd3v6L7LR2e5SaBu7qOopp5sXbdgbqtRlk3eTbUnb4CVzZiy1SLbzuxjyiRkmlrwahg,
12/04/2009 12:23 PM,778775,983862.776507,KYoBKugKBo3YIOVOGLQtYMvqFfVA5DqujEc9wKJtrHn2gq1NPqLwyw5vasWR3AYJpFjAwGFSa8GyQowOg4WEdxMsvs65ixbzloJ8sYc7Fjf9uhKvB7aQ6a8ifg9khJzjTRKOltWilNzpE4oCVOfGVPm37CKAiVX26leO5C56KgxobmDgzruUUJHhQwi9XNPGEfF73R49ZT5krN3Xu2oep78VnidNGRZuf9FSHYCldhD4epKULRVbpfj7zBncaKuefztouqNrlnFfFwKdrysKABJmBpb9AHGXXUAovLiIAmUjVz8WP2JlAlfvYH1TTZIMRqoIN6VvSjJQq3tyevpIdQ8nJWCT9MebXcYYFvYuY1ieJgLL4ZXfV9dj58kpvRgn3R3vUhLwtrdc9tBhrc7yy9ZG4QhUhYJBSuA2EJwe27m1tOu58ITnpfIJT62wMrB5FJncbU46fU2TbXhdFi8f3EegKJPse5xx3JnFOsRihYdNanskAVGSiuanVqPYIAOTrBppnyIW7ekNu8V4BEb2TbUG9V68XdnJ5YezCBtkfp4N5t28Ae3nHuqpYU9HVtevrd6Umk1ir7vqsfUeN2Oq39aoLN9WjueUDiSNg7YH2qJIuQw7gDnRMkVkbbW27l3etxCOIfzgVib8SdBkn4wNbFU2qhPQ5x2KGvBopuuo5pk2qklxQCyjzhEfox8FmSXyH4fEdO3W4TEPPTrsI9DVsAur4Q3fYQdxwF614c9GC7DU1wUIYyYYmPgM5o4G1zR84YPUR7OvpyELOorFG6O9sOT8X6fKIfzdHF4pxqUX64rraSLVopr9eHnJi,8028
05/26/2007 07:08 AM,48748,562480.376509,,676592
11/03/1989 07:03 AM,902889,70428.3808135,Tx5umv5dIRWOPBeE73tYlkxhiw9XpsoR45xafEkc8NaYRkPhIK1Y3Eq2xlUAmLfyAgpY8txKLHSEckEM5z64TXJOr132ydKx63oxnwgxphVayZUZfngglWFsBwapWoZ4Ms3Od7xk8WsESHIrIxm4wT7sSy84WgKAgNy3XKyjwiFrhKII2SCVkZ5YomTqKLsFCftB818G2KsaRCfTgIjuOC5Hno8NL1khTXsEva2fFFCfEiTIiAO6Pl5qN4ecAyHVxvbAizC42H3X513KN33wsuVnR9AW8cNekND4h1rLR9KXOjOkNlJ76lYI96QodABXsUy7nHA2Xz4eV7sogyNNltj3Z9R8imsf5KiYgO6UzIQl1YqJJHjqXLm2Wgk1EPNoujUhsA3SI9GqQii8nbKB2KsbFQzMQnnR28fvI4jciOgcyi8lDXacwYM4lrDE1qUcyUCQppRGwWWrTUMvvX5ZTv7ookYrDNN4s1WMMTePl4jnTQVocEZLR7JuZYDaRYrUUXxW2fVk9TSjFQJh8UTEzC4NgVuOfvfti1NDcA5vjdD2DYFotS4TLQjmudhGBxcyszx7lJBrlcK9M2OVqOIWHRFIIF4IDRzq94vZmaJkGvrzhxTlMMs5dQHEeqS8taeHjWlHEKTXkxiIt4XzFggI69ofki8Phs51kOfx28mkPhx6sSvbsI4CQDWDqHqzJth3XCp15jyS77SeEpZ7x7CGrcS4A6utkRXW3XLgh7ci6ZBZ2DuF6x6FIzkESpEYxGcQFJM9CTsnIHX6yHIzV1OIqyWmB7tWDoY64BM9dehE3CS3BlIg7AlaiapX5F7itADbtcmwdLWQl3mD2ms7y3P7DpBNStOczvqqPadOnfZvyAPTVkC6YYpkD6InAMgx6aFTmATmRXuVOB7LhC1QXeLj8rsQ,685935
03/13/1976 03:46 PM,739707,429052.858751,bg4AnYT1kJ8BH8bwV28SP6huwlXiCa1RK4DCPU3Z8CXwcTVZhRomO1Ub5qRrcn3PDzVKjuWZvjSsaoYGixl4vwK7eRAElUb8vuHdRaOCXyw8yRjSh5RNvMujeTHTQUUufralfuHVlNjBuZdSr7DJCXvnebHXA7pSa7yXTHI4N2gNYksnOkBXDGZNMMYidxDtOpu4QoZxV362q4vzpofzc6TCneaMUeJ5Iq6FQUmtRoUQfNAIpamDsaKAmNQX1UWR35YTIgYEjExwb1mCNtQuMgBLBHYd12gQloZVfklTVYHeU23RNKDiGOgQhhOpit22tNYk3zSGOdwM2VLReGfnsDwt11tL2HKBLFT4ggC9AhZqVI76KbZ3LrZuSe1SJQbmlaYzTfPHFdJmMFF2KQH67Mwl8p5iM48VLOeXinMU5rAPQSeSjKprcUgtN2dUdoSHWy6TeC8cjIQOKVXnTPEEk,485441
,286473,477441.224164,LW5XbD4Sv5KMwVbZ7SLVrLBV5ruRvyvABkErMXzMFf2A9HFTq97mAy4kRFWKDlrD421MAOCMVpLwOOHLB2GSU4Hq8Ukj9KEyeu6OapfJfzQxmhUqsUIZmTAAJH9YqAMv1D6tNBIYovhWM5LxR69skxOIXEbYUnnSxrT93jrT3EihKpHfoujUC22fxmzc3BuWDr91CKZMiDNMy5qi5eAPshM9bC3OBYnrqVQuhHZoQUmO8mgRyd5Iwkl6XN77wT8ew3fkpLb9RwO8RpiO2n3FcBKGrWuIiEudhFeM15S4f,413087
04/26/1998 04:49 AM,549312,395679.512052,FvlJDFsj1jwwzVYDEDnwIDNTB6WyXqmXveE4GWMFQxT76DJB4Biasg3QKGJokUfGDLuohwcNcTG3Lx7wUphY2z43DZboW4t2wHnqnsRwTH5Dx18wXfoK2bWyDZMI2lbVUpaGVxoJvSpaljCRK3lAD7xgArKAaPpo6rgkRNNqTgpcrFPewefiQYQqFF5emzmwxpN1R1YwGihw2P89ntYosxGRKlHQaU21aCMfYXqQDdagkiXMAAASsnBmGNLzy9tib161bfdoD2RVffUWNFhS5YPcTn1gaHmBpZk1WrLqoOAK8GK7t6TUGOICBJEh4RiEJbQToj75tQTUNDAAyJH9,39669
01/13/2012 08:39 PM,,948085.344641,,854758
,247775,745981.307212,TBpwDYJumFXPRurg4fuR57gYpNLtZH5xRKGEUt9hfgM6F5VUPbR988sjZf8Xryl5r4nLsH3l8nmyA3voHDqUAJXZVCEWCfczpRRT8MvnRjRmGcHwMqCA1gsx821ux1zt7pNrzSnB9hqiRS67o8zrMMdxix,
10/22/1975 10:52 AM,,234923.913695,1caOqMrrqzxvjOc5yiITUf4DpOgkmBDJnOSZ942R8h6hsbjZEIwChkEdp3whoDgMXNAfV4vRKUXaRdqHozcdEN4r8YVfuV9FFpedLGTatVLNy8bTFrnhjXqe8YSVXv24aGk7EjmNFvs2tAZusLkqiZSm8pXjb2JDhLwc5KKVDGhcFIVFLKKckkDiJlJhrl1WLP6tAK5BVn8G8FrOBzT13V4s1VcOzgcd6cwWCvBKI7NbQxyN9oxEg4nRNhlPAjeoD2OrKZr8oVNHuM1kde3ROowo5dxHtNTBlVPJ2UO3QHSW4yklutvWgawwCJeWSKxa4d5kBQMbjpQwrppQUoO5n355nvX8JTWOWjjRnjeKGbRKPOIzMHRjmKjxzf8uOjwoQ44EiWY6nT2VJVug22IhmEaAF9XcrqI1e3jR5IyMXQQ2DJeen6Vg1LKfhYwwg7qPcJGII2v5gKKmYdFXnsOaqDPogWhMu3tX6JY9DJUlEhZjqeYL7zixMLxIHDx6WrwZpp8wCwadJYk3xCgPhebS5kU9YiqLkPbETV7SWpbXTYOE5GLSuAJ1AEGMUIpvUz3QxX2LMrM3yjF7bcNzQZhPcwfzXhCa7uu8GUJqUDMGy6QkKU4YTa6MGfKYUlrdTynTzE4HikOQzGe6ElQOtc1DzzAoN,730706
04/27/1974 10:40 PM,209135,861025.733349,jzGb9bWsS6nLbY3fASQWhxcFmNtHjoRgvCw1KdzFikIkANPLkhg2gY3JoSbrCy6XXhYB1dCIdXlFGIwpxiZkyrFvrE5rVwCIqJmAfpJxMpd9TlMaFpMs1QZldJpnbLaUZ4YYZcfKV4zcPouE74Ub4KQuoxaC5uUZG66xPLGaHNgCnGaHLvzRFjLVTLmKgVyuTMbw8kkSfmxTGHQUGC6niH6IElJBitzFGHHfZGAsEowfL3PXxKXvTaT5JNe7BwsR7AvNImkVkHfoWkUwSs8fVNeNks6dNDsMlth2biJJfIqmsR989eMFb7Z2MPYgRQ2dKn87GRIppgC62MYIpYu4nHtmOXaiWtLTw3FqNK7XMyHTdCfFx,16002
,124917,578567.306563,,
11/25/2009 11:22 PM,840804,179983.613465,,354587
09/26/1972 07:04 PM,336848,556381.459784,pjPXbk5KwiFcYOoGKxsMD5QUIxeU7qDDnW12fabrYPz3TMUI8R9Rt2StrTT6iO1Q6Xz6DydvyRtRuG6hge5WZsgFDJmZkxOR6JDV9hipjpScd22Qpi42SS14Ti5vCiw66oFY3pPQ5JOUp2bCAMQJg6oNuAhMZkce32PpLx3QQC3ZY3kI4DTUp8VqlRKnUp92JrX446ZE4km948DbI6iq5uyVMX8uxI2OkWKh1xJMRK9ydMg7,118144
05/18/1974 05:31 AM,337970,305940.687569,4zVLDEr5GAmKXd78RreianvN5CrjxnM171xnu3jyk2SMBBkNtVS4PHYtCQfAM6ow8n35IgnUm9AqaA3L5AjdMBVP4PDOhB98okJWxewkf1isTMyukofk4Mw15UeQCrpqLIAp9ZsqFvPwEOA6gemWQk6WdFOd4fuMHNy1XWzhTnUpo6TQM4BlYS1VtYMKpDGJIWxRWw2Jjuo68FQFwAMDPoDNPpNskEpTT4hxn8zJcJama9jVyFyQDaDDYMKH1RGAxYk6dVPH9pbam9T8Ta2fqQKSbDbTajuseqqNOiHukb5Kt4DAXZWKjlfyZ6dMUO4JMuSJSSHdYsnZfBEfq6lAOjf1wUc38Ee1umXwzF734vvs5mwMoE2nKjQgC3cBBZ8NV4NCSWUye73d5hZ1czOc8jTJCY4LhaH151Nah7quxAC4sWhOpCBZJWpkTrqe28BHuKr5brz3kzgdcPj9DoJKRSdqVJweMlYpeGwW1xnVF9YbH4D7N8Vl5Ilw4Ed3I4gbENR7FCcit6pUoDxZbePl3bm65WYkRYRsIU9jKjlKihVqh3iBXW6Vx3rrdTuELUDjLc1mpXenG1eCcuCAxCbBit7oghQuxATa7R3JCkxKRXe3botQl3K7IgJZDHoNYySUOrdU1Z7sybbFTdKfiMXhuCvw92TPogwgJeSlmqLx9DgS7jZi3tzFMb5P7kwOV7nUBU2sstGBz1CJv6KqK5lRhZdKkCeR4wbulB6CKvxRN9dVxc5uPMhnspFpNrPknpaxG6EkN7G3VeP3GRp71wewuagT4JO2XNXfRLqcTpZ8L6YKASEUOznw2QItNLcUKloH9HBuy2TgpNIhJB1R3xgipVRwooyAmjwz,835901
01/04/1995 10:51 AM,715170,243299.642857,JkktpmnfasXABiHiKZCxwP84V93Qv6KQGGwvHIr5DI13pmBM1N8tJrmCZ71Bb2aCHmq7Ou1G3ZGf6IaFQXHZb4m2RI9vsibvzITQQu7LWpN2WM27l6uc9XxNN1ZRKX4DLIBIxmPK2IaqqWpJV5NclLmYDplQLmxcsqii9McG83dBDWqHuZh1eIp7jjCcyC3fqySXjkgeDIgbSl1Uo2FpTLznyZ4qKKLNKgJCS8L9NXrlFYG4GO4I9JWkI2Y8U7h54Ud8D5YqxqG4cccl9Bg4qNDbfWyVEmnt2UcWLbhAHmlVJFxbw3MrpPPgntMGXmRh3FVtuXfy9YJx1Hmm96QWKZH8uevTtsOxMLHnoczwfDoePphlIhlUx8NCSaVVrzdoA3OdIzOHxumYFTYH6BNpZGMD8khP8ylNR3L5u6XREaL2YR4gxf,860216
09/04/1983 12:24 PM,181955,830686.731815,G9V2xJhsdQemVl3u9RKrxzrPd2EkCEqoarPBCfaXXtonIWwdiuSrybCsaa1RWdvS1JQRlR2ZGI6eCw6PHk54HwN1EIe1WgRcvoMUDJ2PRkrCboW7DtESFSzyWzCvZckdeztZTFhb,243637
02/25/1972 07:30 AM,859817,718890.801421,LaJSYnzqOGzr9nIUIe7CS4xHQWkDmx2fEMYeFkkKMtMPI8BWbOaolNHNdy5x3qei8vwTZMmNzYBUCxqm6OlKNkPLjLaLhaFy8AgayJizeycSQSkKqpK6ySlrO9AycuQyiCWKPzkbut49XQkRfeWQDf2tWv96C5qZ7QgqDUHbwZ4oN2vyMG8olAouLecKfJFzMIMMgEvelGKYuVuOWbS9Zja29IsU2VIyYagZ,87175
05/03/1978 11:26 AM,505243,842392.502277,WnyJf1WqligJjcMGJT6aFPfCWnavhNIqyjqYEjTPikgiuBXvZmFrRWB1cSx2CL1o6ZSQ3grLAZcAuQGmBjOCS21AtpRiCx2teC2nTTRgKi5TR8d2ywPGqGgwJxA5CFSaOnuf56AylzM5Fj36XDLQHYGPNt1CbXitm3KkhLjWAw5fMBO7pHKK31IutoouQdlfqNni9RaElLiF91c5zUyXROMRG8CuTDd3B18nIbx7OT9Owi7H9UI2Zs2uEEq9keiLXL6sAuEkdtZ7ATxVGc7UKuukO81AvPnj9XYEIEnVFAy6M8NVUkKnw7H3zGRUCCpQaSFz2CGC9EVNxYqYy5SL7nOjaCROtlsHFGsCODWlJAiHMbl1HvYCEFfjT2PoCStTOoekUCq7HQyn42jPGjlqtZSC6yjoJMHdZGnzPdAP,569123
08/07/2005 09:07 PM,388094,26597.6577074,R8AKvozbFPjOZvmU5rNxci5r8XIbZAwD7SvujkygRaugdQlKMVjWfKJrNWKLK1vDNnhEJagY9pxC9bg9Iyfw9qDGII7T7NB9ftcRoS17QNpn4iT2Kq8QPjulrtC1lay6L5je6LzS7XFGR5brQbqdUmrn9gujKTEBYmFiVyDML8GGIpRzvcipGcozlvhgs3UQBXFInQZh7rFHNe5FtWaMw1ezMN7gDcRYDFNLElfEobUQHiuJDEKvUn8BLrmJSta9xtwmLCD5WHTMPAbJLRkBabolvznLDKH61sAvddCschvAlIzAhB9Zfr9uUanOy29iTx9Tk2MTo8w5OWcy4CanuGxYXPsNma9u3N1MXDkCONcZcJOf8Ug37IusRaRRNfvGacLNdnnKOdNn8ODxGicbVDoBbLv8vfdUvzDglT2Zrr8NaCgUB288BWm4yDitpUpvzaZUjhhktHwi7U1EpF9r879TqgjCsKkvEzka43XiDYqykdAwmJKK1WMAocUkDaksE154HKf1pgx6JMKgTRzXaLabTO2GEL1srXrZUjbflLkRc8FKvk6VJ1XZ23LRUlpYa7OSwukjNWdryTtk62,543695
12/21/1990 12:55 AM,778117,939306.570944,7QLp5i6VgQXzpQYVfgt16SpCWZq9qQrDnpLBdqnXO4nNvxVqmw7EMB3gyNeEMhNqtaNws1VRVAjgHRgKTJ8TKvFyNeAaLWo2COT8sEOTesVWUBJOUOLqvIAo9FgGyFGe1ewpY8LsQAib3U91oN9GlmsuEpRwYuu3IGEfrQ2o8k9YETik4yknAp1hNZdrzTCWeF7dCJlcARLbFddCdgqXrqnRurSW5JILreieyUkxtkFSdE3WFj52PdtFNVVRXDsdwZqZWggdhm3pqZjgw12GONqITk3eenfUsvCbvknJaEeJXcDQMsRcRW9Hw6pelKXKrXsxw3nhDBPCxhru7zMRJIQbVKze8WlWXCMoAmECdq1CHOzlJSZTfgUxRhvSzvbcXrXFdWonJHsz9GPjFcSXpddVhiZJdcdmGIWYW8mqnLVAE2dH5gQ4boMzerR14cytX5JVuWl4H7UDWIUedmhUs82rXCuFcIn55gljU56xRKicau7WEHT7GbIkeBNM9BtV7BUskI7EvLaphmpcFJaAPZI9ZlVYiucKoMHURT3fz3nrGqM7znnc4ArGsfis2IljT7MvUPOCy3kpcrtSLujZR5tcCAggDP7qWSyzA7LgxTBIcmTA4DaErSWDdMHsbecSsD4bJa2E5qnYDsEWRKcCSmGer1SouXONwvwh2tpz3kuUpdnj4sa72ZCIwMtOw5RkOVI7AQMYWixxKyorha6SoriFcmIPo5w4o4Iraod3DMPiWIYxg6Qu4KUXxETHsfxdIOT9YvVQ7QpVbDcrGkVVFzvZWIWY4PfFDRbvP8HhtNdn3KsbGkGOVt2rxHWsZU7KrT8rAvUoFMHEA6ofEeXyfriTtDFR6bRa4N3rh145SgVbt,495055
01/27/2002 10:27 PM,,426466.978658,jfhwnpsCnT3prEvaPIuW5ne46BnzGAWpzXy5mzHpBzTcgiv1nRCb6G9Rtw9Q3ITT5OX8PSBl9AT912rFHGZsLj1cnS7VtjZnXGcxXUWwWGugQaOv4ggY1WkIfnHbF7GUIDrMyxQsNsLSYvWovZKMBFxIky87CkYlBAG34HXRjtJvXGYEjbiB5dcp7ONAyLK94qm9Gb9HkHLoGzJHRwBUUpekONWgRH56NF1fvFlzDeDLHlT3l3c9Vmn68LtFVjaFTMDoOZKlmR4WwMIVfGyeiBoG22BH2w7lucW6liAqKJfjTEruGPp7chVicpmRn2ASGlYQ8rNta3lGLJGHFA2dghE4q5CXRZKRlICqEBtk9v7rcCsuS5j8d3Jrd4zstfeczwafKsUh3SdVFpeHpSSCOKNGzWQRw9gt5l4WWuB6hlWZUat47q95JIT2YIJ89b2NFGWWIkYCe6Wn8eg2VByiBjs3sBVcutKOR3zSFh5p1dzVUlc2YXFyEAsEWhT3Rvjq6ImpXx67EtLnpC3Hy8H5LOwvl5su9bmVBWCZEqZvoORm9gKzv8hbA9yYnAleNihfIUF8zdKDCUTicu4ermcJ9SFXfNi,620624
05/30/1984 08:29 AM,411232,757400.702398,F624SaUbef6uDXDP7N78hDVvKSXyYxivikoRL72qqLfc9mgTRUhYF6dIpUN3acvYSw5NTmf2gDnbsOtpUOk7tSDhfRYDzFiW8WTydf7pR7HElwGfkRqgjzadPRDex8mkSecbNjSbPa8eiLDo8CpQJh6hlTfFJEuiInQGmQamIGCBC9tJ3FOsxSc8Bk4dRx1ZbFVwaH2bO5tDrQX7h8FvtsEDgFjLkt2yPi3jWBMzzcrbCxJt4KyVE5JFBHAj7zMcOXarvWvNTD6v22taaBEYgxAmf4a4aJLacQ43bTSUBOx2AAyHWFq4bt1HiGWcgU4R9pAZg9Es1MibJrrhdrjn8hoiuZuLCVyL3RmTF3SJnwUpdgR4jNdDO1wtfnxXWMuR2cPvNT7ucomcQlk11Pys6dUxwBEfObetOWFHynboNWYjxVM2CdGE7KZ4XndSv82rgufofwXDvTw5tEZEbl2rrCCNoAGpKferm27cGDLsxi7VGbenZPwDGYbhV8phe16g8fxSSHdcnbiquen7xXswcaUx1okSm5LkMfHqxht7hPZumJppxrhiadJ8yUtdrhPbBShYlci6l7rq178VfnsGLLowsnlvPNADhkVG33ItzCxl8QdPYFdrjOOwsrDbHMLCxQlePt1xetCSAm9UuyBnlpTnPENETexY4qcwWKMoKvuMVzSF9zQrGBw12pKL4vQr5y4stJiiqeYAXvuxB7NOI,
09/19/2008 09:45 AM,690663,335110.419502,TMEM7EGqZ4FWkDLeHNR9s4Gw2nS4E2OraYYrHWyntdgjWVCryVbGOCtypyYjMGZKlNOzhCweWe8gS6osi5eZT4VIGj9OaC8XfB49XmKY7jUHdwoxqSroMK7lBPMmocAmVZQ2murwTrWCEahWCmhAwLF75KGBB92CSTqQnO8aIefuVDMdDTULiNYfywDg5v6MYgV7DEa6nKtivanjfwBZOZkhV5VQBBSBH1WmUGJcFwD2Sk5snozvMfq8g5yfsxMHZsm5Yj2MejW6nM3iNbT,161974
06/24/2007 01:26 PM,446270,197663.59785,p55ycFCrZVuHPhxzeeqFTErD22owWsAO2KIoRuPk3ro7mTfBcHpHtKfOK3OwgcTC2RtAJDlAHeIDyzFUzF55YqMD73DuCfjW9oYNS5QEnR4c4Sa3RdGuE7VkzB8vsflUDyMtqeDgZwCXlrGd4KZmc4XQIMya3xaZzhrZTucZK1j7AvjFEo17jovpfrDKk7DSKniUhs5SgUqxGJfKyJniFt2FgnoQRXWINArtBMiU833zoxMu4icLb27pgtTjcAqz8xLpdJSpuuJ66vdzO24n4HnjyZzSCerVDGuNH3AkwxpHWkEDtjNQDEpTX6rmyu7Iy7mqMoFpp4U1L7nxSznpMIaBbrGH1ycGKmhmumTTpCVkyfmjkKA86s54Ygvf157yD5SWbzb9e6vbRyj8218OoY7f4w6iBBQiN1JObulCewPcuAUtiMzfVmOuxqmDkJhYh1D4d4sd1P7pxKs6cWboTKOOcqCL39E4aWgbr9NXdfGOlUNryIv3jfa1NJIyxE8HcuMRMomwXjZ9Jqv2FHyqAoAKwmlwoEg9TOio7WAFvORrDqAIzqkD23wHPWq7lqw82bPfDmbUCkdP7h23R4b4QOdOTtV3l25xtXb96luPUxzJqPrrM8h43UFefSBW5ORkxvsOcJme3A8WwAcLgynwD6Xy1JqvtLDynTcxCLmYIOWvDLXN3IEmaO94nSTeLxgPocQya8yA18k6DaeudEf77If9eMeLMcdmg8bLIhwCw3TWZUUnFjyLTBjhkiQUVNaHuggf6TvOJFpfIbdIa919iDM6dFXHvDSu1ooXUxxkhHDXTnEI7YnB2idrGJLrXfIsqOYj5QKYnLxMiQ5qzz3UYLWxxh3yC7PnHVrZbSZszOctQ,
07/01/1970 03:50 AM,459185,667767.113434,VNun5F3jHav6sZclF9G1LXSO8EN4rtAezEfymxOQAXv6H8GRgPLVBWw2h46U9TUUUEr9M5L4xzhjAuNqJpFg7s3aKwT79Z4XYUbFtdO4llCCPYblkJiSixXlmocJXwPlzTqx3UORAPSuCLXnTaCsdhDXDCB7HqJ6u3HjboU4IjrWQqXsUFxcpBZg54JlXMjBqN8YRxRY33hiDcKDadYima8CwY7HpH8cE9xCcXWw1gJyoFiHkbimBomfnnpnwEQawfIlCCtq3Gz7IbYXAfO5UzW3PppD9Mr6hSnkB22yMhUuMKC9WhqODB3fXcK88ocMr74AO1ybtwObCCkcWUA6cYGyVPmzfr1OPpYIqkYs6doKivrQWhEZOVdpeYOGOZf4TNFDlzmqPqa1TqRnW3YiMdKPlcvd5BJDy7vTvpcoPW7XxHvlVRks1uva97wed5HvnpsSWABwXvDtNbtcVlRIh7iQt8g2o8pLfJj5npKbF9EoJOcaZONujKvXA1RPbx44ZoRDXG5hzYsqonfo4tYKQfOLNO8iSaTcY65dUThGb3R9FonA6rhvbezLO1ENVagpJfdTTfvCqry5aTcKbdHjDoPqscNDhXI6RuGznRtfu46HPcftywkVIVlR7ybsvXemi5jOMFX3vXduO2BeHDuQYqRbL67cHUi1FX3jSNUHedlGbE4ttquahx8XnruO6qCoPksSXWyx1sW9es,72516
12/07/2011 06:00 PM,136383,261104.323192,MCVAqkej6Q1bJpd2dY3suwhfcjTuJSxUkaitZQShfoGNgKEH9wgPXIQ47j8GogLYmypGmipFYQkDn398QHTL3TgTWgCgFadkPNHkkN25a8dPtqwll3OSArVFV9HnOwcWaWLlbYtzNcELKZZWoCKuVopk3kyKWpttv6we5KrBNveKNX5Uxw5WDXJoZ1Yjm8Wf8wCHbFcJuXOnNrTOzcBohBi2XEOnMsoVFuJ6mjvecE3WJZq926lRoIdjEWF4bWMSzFVp9t7CmGS5q2y7A4E7rk1LrNSIzbEh1LuXeWwDuQIsT1aWWdtIT5qrM2Jdu1pYttSjXTBvgt1xGPbP339xVhN5QJ4RkBXLBlbLD8YpAii5wdtcLEDBpoupbKewPv4kt3JOEgvJJH7CehRwpBLjYWKVWmmAKdFKJ7yj49olNPZfT5n3jekuOshEXgyIpxc4hgRIax8oz3NBS8DONoJIbjcGnzgyIYGAgFN5E5rn8c4ntusjsiO9hfERwIfVOVzn74GrJYuSvNOUkQLk1H1GGIO3PoOC6OqNen7UciU34aKVchwtI32RtBBtrylq9yD3d9Y8s1osCx1jIrzXJukYCCRGKpZq4werbm72bWA18QacT7SVrDU6djgWRDgxGB6PRLVmcdAMhfyFyGqw,451829
08/29/2008 10:59 AM,320776,562391.515677,qgOgAl9PlcFaqwehLhUgNDXlCmRugqI4vg3Mm4xUqZftZlchXilPqrU1vmGbhsP2YAVlmPvPpl4wsF4yJqqKop5irf4OIoE3XQnClQVQzdbmi9mZmvo64yG7x2UXyqprlWW6PrPowKGDRg7tzyuwgcWjPMa3IDJTYL2nC3VdU3wUuabWOq1CpUjvWK2REaSQfHdXuAcch84AGFFokoh418dpu4OCEKz5FOupE15xYq5LKTxwQUl8yUscPoOfACkDl21hC6rEtwOQPgBqSZljRbb1zAM6TT7VTZwOf1sFENMpeNaJc2sV61HjKHuicw8nf4xtXzoITp4UVBuNoz6E7Z9Jp,138998
05/25/1987 05:38 PM,,757404.584918,RpE13RwA9sDfzenWLWRXrHn8jFCsPhxz8FdrpLz9SQZbkdVBXL2W65GectDh7k7MnYyFLYpnychiPdYYTG8HvEVt5mxyduSWFx3AQgmjz9yv3SPdyxXkN49ERGnIbDVxM1w6m5nJGT6BeeOvHekJH42Kdfhf79HjGiCMjNHQivjYX3Ln5ULK53ZaAmughg12yLlOfFlASkQXc3vqNOpeZdc3a7BJzS7dpjTP2tLk2ukBiQk3gAXFLjxw8Tue6jn7wXsnumscwRjwmruFMI2GxweoPSav5aWJGPHa6prvKS9qpZVcKOZ9ZnCgK4Pp6ox78tj6C1w1lou74z7euFQpyxcLVgAdsQZk6PXq74ajZKNUZwr34k92O6a8MFrnDarR4rbVfSWGgcdAw5gwFiUCQrtI1bCtfzs26WLrVS5nTF4hSUaDr99SwFjXdoT7bbPd9wy39cre2SEixbgFVh85pkJ4KXqLRxSBHQmU2VSVWuwkpuBfLqMvtrB3YqARezpOFrRrWiuO5MGqTnjPFzQZzv2bKQ8BTDPOUoXZIHc6qO7ZrVgk4D9InrKcK2F673S2932bCFZ8uAZjUKkmwRWcxNdEVsGYMbtY8fePZOT3YScDaDDuL9N7XUnK1rWPQxtYxHfK5HeXcpHMcQV57udDn9eLgqxaH9b7oS1LMCxXGfmTcqQvPBHTawPFJR1OKNbiuODG6HdOc1alCma8MSfWTTglczNnVTJvglhh28JbTVnBZxAcTzSVvzqICm8LV7EziAoMtM1F359MqlPuDTi99CvG3coLDVGAphHP72Jc8dMCBkzjdoO3tjmKDhEI5dVhwOIoty2xzLSbD7JROAVyMSdokkoM665FgJFngtETBULKAqggZyHMxeCnDTbdyb4ES6ikVLm,
03/20/1975 06:57 AM,913031,304948.469736,hK58yHD6XEBjFRUAon4mIx2A4UkGsRinMyL81JLSBTVoNBaarKSi2J5cyHGxLuBo8XTDHE3bRJtiQTNSeasIDaTMPMOpEDERk8j94kBSTaCWf4O4TPUicY9Aq8LonEHlZPK1qPeuWegRCxnZrUJYnSJg35RCq49CUBHnLebAYh9L6LCGfEx5Xo752R5sIB1a7nCyQBB6FuzL2ixPbp7mV2lWrdBnDHfdYNlidsuBQtZ2VLIoyIDsKjSrrvbymvsBehrjyRnBeK7bE44qYs5LGwwyhTlkA6E2lJB2Vc7MxOr3iaED7LrylLTuK,
06/30/1981 05:36 AM,638747,819914.136053,Is9MrzFV4Owkw4UNzbP6rhFqDaKFaO9F1F7PsG2saedKl84VmTkFgMwmBgAYwc,220048
09/09/1985 07:50 AM,747177,193362.106731,WiiBrbtm2iNGPN5PE9gcvw7CiNKufLYtEkFcKqpchnz7hcudhj6vXSieFCOwahk1lMfWSB95t2mOT29JUbMvDtSt2TmRrzjXDm6kUUB7hzEsI5pneahaUJtSiwfwuamFTG5HijsU7foSMokpiQwhiGsWJUQXJ8gfmTKKwYjmj5c1eO4uXiiMDOru44alj17NVkltLQJw5QgDAJUWdAiLMcze1ACfCsvdypKmrhVHl9HJsozZM141AW6yiomcK4b3Qlz3kzgWipo9IQY8i4cWDnIqVT6aeEk7kOl4gUz4k7EyEzXTOXdgwpQBwovjwwXodtRs4wWNhwbCq11D7qHyfe8DHgLKKCBkoc5waRJulKygiZQHkVFSzgNdx7hRTLKmst9w92B25ABw1yNQdnoM8UczhfbHclOySWN9DNyEwABdizOksO6ddS8Pl4r94U,878687
01/13/1995 12:23 PM,892638,34723.7316569,eVaaRqxG3ylVYfEElJps6ULnkJ3UGbKUp6oTmpvy6XO2kFdGbLT7XyVS1iFmqxWCb8mIkTR7wiujEuDMZ2ha9okm3d2jxS1C2QNEEXOaMdWHPUYBgebbI63XFnRl9nApEP8VayvyUn9NMN66ux5TiOwO4q6riawmSKa8Mb7vOpqT3UO8rt3OYoAf5H72q6zjJUJLiOiXNO1XTBHwxOcPJuLHxcjjrNatbV6mPeQJUvC8Ew28Kh91jsJSjg1e8VMPxgh5fD5AePLEKdxYk5Wvpmn4e9Nh41oCIJWt83Cj62TxnGJli7LORbkEoihPJxVO7vce3OHUhDhX3VX6yhH2sazcq2rA8LwNs7tvWuTgLqSTUSdoX525Eri8GzSjplnsZuUaiBqHvVqKbfKupQSJWgQHGnvJnS6MWlWNea5wdhGqgMEJqmvdKNjXhHRQOxryoAPD7DZuLE5l5IttzDzXdcCYQUNBOvoMJrfxVgYnKezOoKtlfcJUAkt9iPIV8fYTQKIYMysviufJPakTU7lFNgwiZi9kIqwNomjxmkdIAqEBs4Z4CybsrnnjgmcmBp6wOPYZXTR5yEDTGrnd9igcS2I1BQ6mzxPtbVpeOczsv2cCZZuv4ZqR76CQutSpzd6Acu6R8PQHqHqt1afF82xc6kr2ZOrTPzrwqDuyUTccpQvWCWkmwNlwTKnKjsMeI22iquxYT9twaYHliUTFhqIJMCqn22f4VlHidRtBoBnHPub5yPduF1NjYyGPdPReKfwWgYjXEwUV,264114
11/09/1977 10:58 AM,296028,244626.482475,,819708
11/24/2010 10:28 PM,409342,553570.46205,uAHirB1ZXYIzyMOMe4R2B8C2bCqOAOWKoMmcoyqptKJgSwvYOTe3aFcqduTtDJJEjIeF2uHsqdKzViZi4jIQ2aGEkMw2OdOxGKDS7qtd4eLmZmmCZmSryNFC7mE4Gb8IuurpAyR5amvvDBC4CzDkxrVolkUpgARCGqZNvQHCfMMIst93unnrBDHiFKjT1GoWQBzFLMzy5ugIKEaAO1wCZmY3EOJrl6Nwo24X7ob9KAWJxxdFx2winWnDgYyDx3cWtMJ9Dp5TY2P6EWVv71RdSLeJCJVZ5qbtpqjP3Sfxw2Jbdir5ClUXqtvc2zaE1Z65c39wGP2sD22ZcNlbtW6MAkiOP78vPO7vcnuzIU3v2wtITbbP6cZIRcNNouLJrJdeL4hgsOAgCDCgQ3haH4p5zoErszoQDYnQlIZG1ulTMJJslKZwrFR62m71uOH591ATH5V7gOsMeXDWvQ9kdV83pd7xr6URMBVVfo6siAJplHIhmebcW1c4bRaVZ3ovKwfG3tanZHN2zd3pSWEpg4mEsGFGqjkIr4IYkmJZvKz8SqkSRh7I4MPjCj5j4LRvrqM2NheBs34lPoezm9cn9EB97XYy54m7tjpMNZ7Z5TfQdP4avEv18HZZMHOZnAeIihfawC1gfh8E8oTKTLMBN8VRDczFzE14QTydDLwa,75563
03/10/1987 01:19 AM,87444,481125.857927,EMN9KR5hv5laCEzIDY35INQUUVCGzTwAv8b1WMkQlGOPWX54YIVPDVfEtFOUDrNV8KuAWRK1IQsOdXKWvXIA1sFKjfx7e3TwRvQlFzz1VZcxsbTQhleuPfsNtnWm4ynJhDgJCFVqJPPJZCDVXCxQ9S1RQJHxYlIYZCETpfBXD8gpeB819JsTWeBLNG3mpjTXVMz2Sx7JItIXmdGWYLSX9hiIaolaqpy9AzJAIbmxuAB2LYN2U4rmInzOWiUYu7REoD3t6BLFHTuM26FHm2BCF8vLsXl6vQ1DEEmoOL44GDjdoFfE91uvHFUY5BiRowdr5JVGfIiOCrylEJtiNEC2vi4GURb8Wk5ckw3cSv7zYX8HDnMvNGM1oc2wvl5Mi43LRcI4ExAzF6UM9k9ZZRNq9MmqoBJtMFyqu4NFjqtsmlZp9LFfVoYeOC7ORnpyDoxDV3fkFVbbfQJNKVVDivfBU9VLZPDAHDRWoqyctxj5XqDBrAmijSCZVG2eS1ImAF6szQJ9dIcThgm1zFMVavN7fr2LoQvCty6Qu4nvsjmRaruEatn15PMHNdw85VUephhFtoD5aHB3SCnayDDeRdavAchLaNugAGWH2TDEMghlui8zk875NyQ4mYMIYhgMMS33Rtoj8viW2z2ASmJFZe1XJvxHr7EcZq7rZbwgjPKHpETdzBzZN1FynlkoAQPQ1d8PnzRJKPOIShwjzJui1s2pe8L2lrrchBoMBbWWnkxFjdCnZ77UhnfEWzC5ROMFOx,69999
05/11/2009 07:29 AM,,989488.219289,yMecAFZusrWo2GLYnNAP7blK6ES6yQ741ydARA7LzkS3CIStGLOsPNAfDiJnYfqeOQnteAXQnrMQDTk6WGnsCNp6KISHwwjSrj8HaqbF8VPQlSlbKkpMbm7qAjGKEEhu3R9oM84onFKACv1ufTMuFmjNXaRCkEORymewcoFc6Svq7LJhNZh5cC2NAOBNm4m1fNfz6MzTMm8Bz1ciMizOV2GmAoV8yVrSLzMND6J8pngaNCBU9bpJDNtd9rmRPLmSXSPZq6TYej2vaMQCWPmpXgXQT7iszqQb6JIYv8lNEcxtWzpFCH4digkhauvMJ8wObVfetF4sKaUpzc1LKWaOHjRSAIQUQ5ZJFPiLcJFLLaosJaaTKcoX6SrwDiDlmJmF8YshRvY768MjkdRDIiEgtDL7LfbbG4rxpLnWPuTMtv9iKfZvdwzSEwNFCe292lOUHR1da4o9k3XGIua7ptHdf1BhVvbk94Y5q5x3szlpob7dt5P3R7FEEHlS3FGv2F7vjcK36c8P7piR7WdEdwKmSuuOBrbNWZFSI9Cc9gt3L6EON5pjnKRQ2Yr5DGkotOZS8ZN7KxzjBiRzVl1IrG1zgbIsTlSIJ3RgydVVSuogtsKlucDNH4JB64Ed5SDdb8ZYLDs9oaUukYMb82FuxwmXmE9BWfz27tjvKPMZS67cvsXRRTC2B8w6VTyDr5h5Tc5PzxRNBGXcIgpFUpdlVDnwTJ5JZLwauFu,786570
06/23/1991 01:05 AM,462198,81696.4656991,Awcp9B8zE2P6k8yJ25Zyu7pl9mJQPAwRn57nEXlxwSlPmzmY2ZzAbofOIk7p1ED1UOnGN7ehG3eiyQTU9JQu8AINSO2gnnadZ1DGraYOjzop4AuZ5iRHQlCL5IwfCPsgHimA8HKhTjvLPTJDY4kKLiybt7d5UNKwTLUiop7isAjhLJmtZguXQFkKnfMFWvyBRulwW5PxgDqxoptxXpIhiIO28h8bvm9YjHioyP4MXcZHkBYLIHhT4s5GHTge6CqAObjETDKxgaqTKkDtmRrCCBRPGqc46a2RQoy8qvh1O37LcHXuPDdpEff3hY7ZsgHaw1cy4pc83vaqYt9Cuzl7bRKmLWZiT3eJnLwVVqjErQr13Is8fJ6fzvZmumQjsPPWmTI1YtQqeaBVdBmsgHDzfY8A9IC4TZqUEx68UasW7gHIhhvb1UlzFQAiYhWJJwkIyXsZzkoXXKzLtDO3WCEEhmrFIUT3GgYjZswd2g6ESJGUxuLoyopTrekQAtoiMMrwyK4jvo4f4kNcY4dYI2LniAqbIYWS3fsX8g1Vr6tGiTay1pyAQT7v9SPUikfL7KZED7INa2qFYxTI4x9B4Z38LUDLRYYpTQiDBiiXREOTloNcaecX6MYyOVYEMWIrJj3ddgCO6RF58SZPI65Xss2QSpSnJNDC83QAvkJ8A4R6j4r5YbJMwDQyfSiJZ425p4Rhy7NlHbcbu5DWyTlcmutVXMywpejKNkfbuYBJIpiTHXECuS3ZKmufesvsNF6bODkqzhEIhaOmdmf9opXTXsfDvbyXh3PmgabbJoZynxSL3tMrXlEWy4ufF9UTSM4B9PJD8lSIhy,742081
,810962,723753.072792,QHo3O9MSRkoo8r6oOJcdnxDUk2DZmfRtSnvexpYInHCBvpWMRNyG2KzkIK8CtZfs98gFl1beNqRTZELpZtzYp9hTlkzofrFGP3GRymTDd15QKRiajel6H6J7G57ZJgSLA189YZYHfoN3FOCNTrKLv1LR2tRMROm7qyB8D3KCBydtLm6XWOvAXqTSYbDhtGaDXA28Uj92KqRPXauy4v1j1xQnFUL7NPGs2VLzH4UhkHYU9t4fDBTFWqYCKmirTjmhoBMlUE3PN6qyXpsFxpNdiQmIo1c5pWqYYIsy2EhU2nTYIGB1xMN5rhkEwHexaAzikHnrrmoxrldDdc7xoMmiNXy9rQSDfpLxmrfd7LlqTPKJzn3GozROQpp4IinyCvH8XvGRSudXwVALzYhm5qK4nKxfs7mcmdyTL2OWgvTtlk9Cag4Eu85wlIkzpj9k44iVdSvISkP6V3JuwbrTVxsQQ7VSqfPf1b3HDKK2Pa9gePWerafh7f1NEjmOv6YLerxM2dlZ5pnNrauwMTjcGShK,262395
09/13/2012 06:47 AM,,162578.037263,Tixi1pVTtPlFMKDKYXxDPWdaOlb8n2gLGHnHVxBpGuLRtHiXLeTHvstDGTewKM6OCrYZXaxmIfnukDgMTJ9hhlpbUBQWwpUafmLylxRlhyTIrTJ1CMmwKfTUErWU6gmmZGUJEYrov3TEI7ieRSpMB8tpiaEJkVwsiyLE1nmRxC1WfnWgexp2Eb5tXS1ZX7FQQpUQUQOZdqzHhknXOcJEZH7zxT2qUk7ILxuJngk4OJnCCmppeLh6O6N,250637
,897459,443093.842634,wwPOHXVpXoLfCfHtZpAArcr6ndrOO4p5xYtgrYkxqU2Xe5AeNFoKfYDt4gOpL3VEnO3TnCzieT95y4L2QvOjGpQkcstxtppxeQhhNBt6b9s43CThv2fLVKckMTaLXkH6P3phsVswngsEuv1n9OET1Jgfeb6dEllNIkNJPOsMcSr6khuTR3ReCSaIMXCI5RafdffHuGPZfFMjenQVSGf8qsrjR8Yxi2RE8NppKo1tRcgSjODTXoYX5LZc8rvkDaMo21lr8Wfcp3G2Q8wVR6l9GGs3bNUj5Hl59ZkUMkK9HbM1JipOi3rlxxlIBYCZ8xz8nAGsuLYJRsndKvnojEwk9sHjqh8leDW3QiW7F4Q9pcmNDMdQZF2o4TGzTAUk8sXoKRZvei2rx42JkVPUExgjbc1t3BodZqxatx71NDfkwpw8ijsO9JrL97jK4pJGyPuQK8QIilmbYfPwWnEF3OjqRXyVdhNuUiMXEpTB9bYcitmsDgfZ7FjzYKkJxs1HNtDnyx68rSpYmpfeFZZuhEMxy7TVMXNvJMU3V7mn31GF3HPqVjkbXSHhE7fdo1a6dXADS4PJXt,727438
02/10/2000 07:28 PM,406089,,NlWMk7UpLJxJmXY2fwZJLYcFp4EsOabTZrP7c7P7yxzvLf9piMpuOGPtFN2ufoS6ftzo6fdpLSkGM3IRiFmqewbiUocrCvOUQlNYZhaynEIdqmozTZtOPFeO5n14zraon8WkmzY2UgiHPxU7cKVR1aBibwij1gpHNMlmVWNbd5MKJO8hvXGLcqo6b7pvljJelHCL8h5LDUZHi3eIup7cs8YhumZ4h9xlMPtCvivyFCCDpWQwSMIqRoNmdushmzUwKzbqfUFKmVzBmWezEfY4w41iCq8shbnbKonJBadbcoUzzVfm1oU1bYKWMAFvt78siHT4Pili4aQyHDAGkkZCSwMfJvOtJthX8rCNDBRMLTNWUOQUyxI5b3OW13PCJhQHCASlHy3uQCKJpXEwsJXcS4LiNIsYgHGj2ttcjUGmXnxrC9PaQp6SfN1L1aN73u6lMwNzYe67e1q8atr5u6Rrkmg34uF2ArvGQmfsuVcf3k1exVyECWFpzMbsYntigOw1fsHyjwpqcLcyFdfOi1x3VkWCnAjFiVmsu6cc96MCoQnbd5a5xbMVE3ikFbXJNwRD7ucYbq6YnYBCsPrYIzQN2wkS7LddQoc9YR8gYGR8FWWoXRMIhYrwu1MJOhCGBvPYInLenxHjBOvOXccMJQcItwE9Ss2t1I3Hv2hx4GRVtO518QHPfpUhjb3kLm7dYYrwcWjJxG6,484800
09/10/1971 09:47 PM,958553,43726.9878556,olXnH9rpykf7gdD8mbibhgOCM1SawL2Iir3fE5USnUBb3y8a1wAcOQ8uvUhBrTvRr7BeaBFNOMuI3Nwd3heMUcfu5E1YM3aifSViT1TizyCDjLEPawaixWDpg1ik4YWYOEuushhNwXML1Y7pgYpb7F2zEm6VwJwPXNzwEDJJlxJyebr8iXJdSJ48nJ49Rj49VSIUjHJ5Ohx4viOUy5HfD7KQDdTOx9gXBGYfAwepzPeyr1iYPPFEq7CMROtVROrVsM9qllW4zmTFX3r8w9oZScuGKigRkLRlS1tNfAkXvt15OI95lxJ2q2eSALZXVm2HjybQcemtqJImchMD2WeCm8Hol1NFx5NSoxHTMRcSOKgGFVIFCm6rBGPRi4qEW23JopFjCwXHDW5yFWchNBPW6CHDJ7NUSOckObEP8YYNYhHG7rXzr5kVJznSX9iQcfVNSSzbgqppLXDftRoXBwm6Fl8uKjBF5EdcuTyf7eWTMbrJBnG3GlLx6KcQxN9vzOGxP1nxbQjGA56Zk9sp4sBllrj3ZqVsGRPSLEL4BnKMcxpaowvpaog2guxRNlRfs4rWJ3aCZBcKlav1zqHPYLgXnOEwwOxSVxtsVzHT97yPoDayQYzjv42UVxp8tOuZwfisBxEgUnpapJzsSGaAuAA1GRfOzQu8kHATHxkXAtSRgeMb3h4ilOZPwRDw7pGUBhfbelMBapJY8muZxfkP1vtaPcLdjiv2wbLLpCkKKUQwZqBp5Y1ncA9tt,604710
08/05/1975 06:33 PM,280904,526688.798434,bvHWfWgcao3AIIL2CdTZ9Y4u3YxyhxG6hV1uGLfVgfSnqrUZfEzJJ47onspx3BXkbDoMTPfaBQGajY6PTWwNblhGaTpijC9o3xAH2WtvoAcO5UhPMtCK2NUjAAhj1duhj6LwXH4u3UAgQBD2UtEydgghzrmHbN6XMJxeJmxif8GeqzL47Isx8G3xCwNyRQ61oNzdrCTgSK4XzbT2u8lgWkxLWnWn69YQEi2IjqxN5HsYtxWZsOv4OXXLckOXURwp7p83NsvVXIHfpWxKI8ka2DVH1i57jwoFIlyjEOzcmYXZGrc3bbeG56P8QOHHvaNjeDpCk5ME2DHoPbyIesOrLbmABqQZMUNcBmOfxSftZYSkiHpZJQT31IE6qcdcM1lAShnHliBIV4HLtUSRPh8gkIt2uUwt3juvPhaHr1CTad8P4bgUEm1yLGAuAhmHsyYPZtaeSESH7OHIfmsn3jSQyLweWKEmcuSh77GwRi5x32jxD51a8JdYmtFmTczfZEsLWxmQ8vYLFxGtJCvvOoAIHNy9RyXx7PcSJoNZoniedNRWskj79ggkBPDjATYCcr3jXspkK3OoECppytXjAytX38RP21RZTMfbMD3kp4tQDbVDOIQAlBZSBhTp2hFlnvOSAxjuIeKrAVkPYdbracRw1ArAdOW3CrHcvM9tsTcHVDnG9iYdiLRng7TRkxGXnYUKMOlA8EkjaXRaDYOvXn2d4BIKeWWuUQAXx4Xheb5lTPmSk3tJ3D2kAMCAlEU6fjZ8RfST9lxqdtW5jPOWj7UpvSOQWGlznEOSA46H21vsJSPweIhifAOouL3849xCIO9ROJIkd9JZ3GjIILCI2gmh,846135
11/25/2011 11:11 PM,8871,110716.694985,JO8vW2uDym2XPqdOj9lhPZuOa,79631
11/24/1999 05:37 PM,896592,169621.523479,xLGiEaEtcD9hhmwWG448uJJtMJqbxM8TKpWPtOlUeNc5io9AyLVLpLV834cFx3FAEyx7i91tNZMEnyVD8LhOP7jWcHzIoNQ9CZGBINtr4yxxAdfQQqTDEaBgLR4bnYBvL2J2gP7DXb29kse8fI8KIAETT3Lp97vdkNuHaZ4SRVGvQvK7ycExb6V7QXcguWOktArJVSTIdpQNoZNGPDC91qoqBfNGGdTFsE8Q69MUDntFrEWu4JBSNigEGYhPvX87ie17JzQagP1H5pfMwWpmxGCXXSI6sn4O6nR6gL5HjXlxbI5MTSp31RV7lBbL7H1O2Iu1hX9YtlJQwBGaYhuO63tb7YrzPwe4p1f6L3RITysIurlUasO3jSrQgOrRO9KMkNmKGHf5AdyvfAiMDSEdH2pHlHYWwisaNrWyJKbnPQSXJ6qXkBPZVedIK2jYsSC7fMYLP2kv3vh82nUNO7MO7c2bY8dVu5shmZ4yXH7huNOzTRjRYCfhSZ5Oawf95lo1ONowVhBTESdjDMOOYvM6Wwq6911WfT8xNoheriXriQtjgI8E4xPh14NzfHKb741fv5YG96Hr2GedrG6yYmwAuRPDTxaoYqxW2VmJ9bo8kiMpy8KtQg8DLCajljFV74DbSlis396hYeKZNsUxw6clhS7wQiWMNo1NYdqESHxIK6IgZdPz6ZkQnrOsmQIiPDrwecGGhcvrXCnhCXqk9EgvagPlSkuQ6phYdWX4K3MEV4Wri4reTw2TFG8v6iZeATqK2bppcLJpIhQT7S3QO1mmVrTvnLyoPxfi84lZPbEvkchokFsKgHmk,677876
01/21/2007 09:08 AM,,505070.913677,Q1pvo5ykg54Hg5AC7S3SFZtquTLETuHYBPGdh3emh1KIQmUKryEyLQTecGd3Iv6yIZbfCyAMCBuo1PUQsYB1Qjk6E9RsMGImVPJcLqSwyE5aT73YdCjzNOzhhErcTnwLhtcL2HGvzlvYCuachHFzhqCDjNzmpbGvsz9I4jB18sRAsdzrqgY3CiEYaU2TnPV7bCwXUmwucjOKdFoh7mfTVJzxvZxyLueQ27d5IdK2rf6HB6yilEzibKqELiDn32iFQU9MdkrgsnYTFfOHwfsQwKBBz73l67MCqkNIO926TZsSO8LMGOHylEprxM6nWVKji2YEF6XoXVC6QDXCoIiiiQJYOYJTEdnCJrgYNk3VrYnB4WjtvJrJPz4udDNHzGAsneTqLK3IkDSniKgfcnmWFwyzZug64G8srgoNxKbZRCK5NW6e3BrG7HqxH1oD3uagIJvibqD1yTcJfcfekrk16y4cT8WI8c6jtgyAVRPOCKozVjyqPRPW4t3SzjX5jcQ8BJ7mQnhifPAmQbvwcNq8VncFMpG4egnQ6zOPx5AIVY7TKdKq43712C4E23MOWWKt4c6SbsnUsyBg3LtTd5oE2YfZXDyoktk8zrFmWui2MlFLdQFgbIQc8P1hsi9hFYZTObIby5X3AIvutB4mKZKcwFqMiOJhoYvUU42Tas8EoH9QovThryroT5IWqX8ilHd4I5QlCQDLtB1KBBYukyjtTMc3uMKfv3BcSN716FIV2DGvnXfMxxVZDKvpITSoD8V3gMZqo648TrbPFftJLBPnSex31gAGUZk7vaI3l4SKdxETbO1IZZGlcwiTZGuvawFOBEwenjT9rflV8TidmsD2Eg3rcLxblzyCRmCIheeh9oP4gic88Cb7HHdkfZMAEHQ1lwoazZOcRk9kfjRN8OcX1Zp8B6mNNnWv1LNe6Dhvjuk9zSOT9MmhcIy5scKAOALQptYRA7sqJqKRHuKl331,850551
11/28/1998 05:23 PM,933503,380370.012077,,827166
,150890,368208.111799,5HEijvyvgbW53fRFiKu3qZG8yHQogR6CAzTbRX2KQpUjscAvKKqedjUZiPmnvLpPanSuTG6RKX41UEU4xDZcZHhJdvAIXF43QZAiiz2G9iNBbnWoK5IVocCPujTkqXjNVJo6LNYZJ5EZCFn7zRPVOflKL8bZZEkXApAM4x3V7IjPsxKtGZ43wwoppKiKC1hFLUxc12Y3PjjeLbiHj4NC4cZ2LgwybnlbmvnW2j2MYFeVV,822838
01/09/1970 07:18 PM,659272,545763.746823,AuMZnBUMpTILFBenfi3tihia3SzzMS2K1kJeaiOVgtiZaKads5jCgyHzjC7jKLFmg7BtAk3NxCwzMZ8fh382uCw4DmdzwjhPrZ38mMZhV73bFcnCuClKEccnx,271677
11/26/1994 12:00 AM,458763,129691.93922,YCFTOOBceuZNtQpKDt3GhqZZsqKkDO5hy7rojEdm1s7gnCTL19TXByNZsKcKxKnEilBiW4Y4p56VIEBQyFTvrc3ENtIe3mZU8hPIL2c21d5XxvfzVMfG7NThWZkck5PEjNwAuX29OCbZPPsV46m9EFoJ1zoyh82l1oMu6D9hGrz8NB3BnRaskPRnrH3goh5PNfxEeFQCwIPId1hl4kKefWoQ92BYmfIY2vj3bcVDeEiAijSxIbBzNLGGvFM35nU2ZTWYyTqPqYeez42sNsyy2Z5QMIYUXf1MruBRCnjBPnghE9UBSXKyou3A6mpN9ndEBNfO4zhihTRd3VEl3ZFitOFY1LBvf4N4LdvJdoxmHRBr5OwCtVVihCNOZjX6Ytiuqi7H2TBsChI8raC2lPvWGP7EUL2tkXYFjTIGkt3YrAalchIfxJzdpsWzOk8RnFNRN9tX6pZPXWvCNfO6NReQqllGpmsGT5KGbzn9ReegKxKxhJSwsUOhcjxDFFqlbd8URrBWo6kwuJlfadx1LzX8VC3abdIvSvTEkt,840583
04/09/1982 07:32 PM,395003,90405.410352,aI3DC86r81RgyQA68raWEU73adwFOJGcOobq9k8s9ZKFmlzMVy2QGlBELmPaliTbOsmc2h1Su2X3VvtENsHA5WGDMOiGpLqKQsSXFT6keCk5f1c9ctdvIbhINoTJ981wHHST53NBRv7YsaV9GR3K2YoPgVHQBn2pcYiPqKAABPrYF5eJpdyHRQb4GzTB6EaVGv9f146Vfe9htx8Ow8qRKcR9hSxJzHAyEzU1vZQVPcMpsFvDY6SoUwdvAggwn3aWpp6WDZZNLx89gWTX6rMeDkxd4g4ojs9tnnLhpPYr1GGDNW347fHxoD5gdqvmYBnoSRhnbjAkMpIvWqWcMSXgCXu5TUob,
08/11/1999 01:13 AM,491104,547624.756055,pLmn4KdXb7bovR5sgrNDPAtK93qvajHIzf6KqSW16hg2uofOmsmNT4BBck8CzbFrHOyxIo3i2lrtgThxCOGWNs4A96h8gYbBYVcMkRJkrDJGAaqfdCrGcmlbtc2i,
02/22/1978 10:41 PM,963451,591185.19096,wbN9f5YzSig5JvJNKCT6CvQlZy8wKvwcswacQZyAQo1w1YuuKPrI38jsaLtsRynA74gxPLm42dGmozIQcbfv5c5CmBWG8D4dXMn4HfxJs8T5agXAxxjpowUNS7Mza7bkMcyJtr8KIiXr5ZU1O2CKvkQKXjZYbkm3lqXk2kAVoBVAh2dtZapNgpp979IJRuS4PMpCjCTLCtARBrwEhlNGDK1pCrCJRPMq6J8AMduen22kOsnx5wXTeEgxBGZY7BJgrGIPJcTfJkEm8B6gXQGWQN9RUy7V7IzdE2nq2CqZkV7zHzdUc8YFRYKvMscxjRKIqmZUSSFO7an65bH9dOQgDaw7sjsRGWMvn2lexvcCc2hmbkRkXfnVjAMwJfQGfKPtk,173431
11/13/1996 12:04 AM,,955012.390398,OeRCbKZojUERn6BE9P26EMJmMq6NubFPa2q6YStXrlQOgEWrWvANcIdhrJ2fo7P16MpZMH55B8ZuLvwLdjLZB5ijEJHBbRnyQxhjKE63pUmtirn4wVqmIM9Hy1Gh3iN5JEsC19CghVSqJSjGxPOzkZnaS8S2Dj3EJCQ538RKs1AKHlfemh68Ss5vOAKnzJb8Gu8W6Ryulvla5i3DffTfN9LjiF8atbcdtaVZb6HZuCZegcnqdxolpX2zW4IVrasCDnJBCCjaonubYlNvFNap1BSR4M3izdZ3SDyeDnoFARaTpvBQrKoO1bCyvF4jWDaD1GBTIO5VjsVMebI6CZj6EXnbznybqICUbEVmXPp5XaxfSMaDTw9lSQ2698WyRsxgPjmWDKZwr63uevliTKxwzSBSHdVUi4g6QGrXabYJgSlWdn7u6mTp1tgA4zI44O94FT25zYlvpmMp3PazlFG3FTLS7K9o5ptga5FfNFJ1k797WbRtCXMI9qMSAPbXwnAQnhGGJN97VXm8XCv5sklK88fzUDfuGcauTAXUq5qX3IkiguAQL98YM3yvsgoGlC7VEMHSMQARSexbhrwOIERPqh9ayiUuFYXoYEgOrc3RpTFYiuL1voe87ZGAoYp8ElPk58NkPivUe3AgyfATI,48486
02/10/2013 06:10 AM,234422,138216.865303,qXJgdnDPYq4V3MRUz8PA3YVfxCRPIWpsfLxn3UByBISxQMJuuoaSCtVoARAJM3gQulU5eJLrFtgQYCI5fr9NTYWqRMvbFMolM8nFo4cABvInTrLMLKiREPoE8w9c6WtMPi7o2mXGRwBfe9NHQQmxRGVoeSOFBv8S3d6QfT7e9WpHZQoWNVyQOoQLrpp9ruR4GfSYcLFLYf3REeWXt41R9dnEtXzOGqT88NaxevlaNiYV5MfyycLbtz2ZR95iHhOUjYjnEAuMIuBKM5GdI3kJDpIirgVlZSMQOHB9UiUdWGmU1o4tVWKE6qk82ixSi26gMXIne6jyq6qUdm1H5YFh6pffQsIgbffmugdEHVjb6AUXtdZ7wDoMIiqhDWSxuVBuZY2ShJMJGE3gXBJidmkCRo81ZMkIhuFQay2xLz2x3ZcPz85a3zKqPxXz7FUSQzgfVwMSQk5umC89AhvrnvU4AFH8UG3uGaU8ee87Jny8rWFNaTZDiIBOPIJborbxJo6aPwIptUAZPY4j5Cy4VVbuPNAuxKyL1SmJwk8KOylsUMVeji6WmJUu8cbK7iKBFUamcLzstvOxcpVHElYDc6hJLWWJ491R75FA9E6rHPJPpHpf45jxZdChA1SFGNL6QJ7Qqb4n,561171
03/21/1971 11:15 PM,,247448.302522,azipnih3wNYJQS7ZQwdVWPU2mujiP4bWqdkq1JGRLVOu22Fjq6tNSannFDtV8SKK9BNHATDiSWiqQG88DX6CQlfVYhODC5ggizguBiP7ut55IBuxjbwQSHQfK8UrV3Hd43ROCaB1ojMZ3mOEymt5u9q9tdd2oYt5eXSWDKuouui9mBSIOfdbymvvY6FCpnl6wkUAGfEhYoTZHV54JUFNTwkQBjNGBfRqMaN8wRUpi7sCl7cX9R7yJexL6N1FXmfA67fTx5p5rzIndnPoefvwakVw,81827
11/29/1980 07:56 AM,,813743.732178,XGCMsEhzAUrGWlvYtoQNduVuay7686MERw6ahO4A5B5RIQVtSSIvK43s8oCQBKFNw6UaJHeJuxqYXPvwibJsXPdqMTBruRQftkqjPULcILHUaFcnFGoZpJvVI1H7ySRbJI7Lb2XBl35iEya9PfOJasQfaAkoQSH94C1BaNWLPsh4eqDg5nl3Pry6chhStUXfWxYXBSfS9d8QgDMqXSAbGkStEWN4wz5xrhrzlNKV2442cnwp7OeCf78z7j8p74tCtrEkh1h7lzpZwxD6LF1sq2av68Shcrw6o5UQuUWfElL5iQFwA6UHra7bczKBMeTg8y2LCTGdSN88PXh1IaOyPUudjDwhCaJMxx4KlhVCatdqW,856975
,758999,898945.259029,j3w4N4OVgvdqP2rGCihIKacfDm16YqHXemro9nUJ7vXhQaFnZCY7fpUbAZErLTtpmhph3YczRLTitYaVNRv2WfUD5QcmusAhdTtD1nSbCofgp3LXUXtgdUiePJf7Q4tsjyZXVtRlL2dGDyQKaJfrMy8uUbPFbGpENFApnPWrxeWe9G6CESGT6tl9g92XmeoEAYLiIQAWCwjxyNMOfTjx9Pblz5TEtF6Eo4IjAEzkPCOXuKpOycUf6sxrDOEEeOeqaXfX373lpFGUtJVcfmNrV4Ho6XsEahFeabOz3Xz1xApvioNOY1BaR9Ci2l2RTSU2e7nsMKFFbFWz7BLsvcJQm7SWhly5,919865
03/06/1985 02:08 AM,108597,62194.3000658,HYdrgpNMtUKC9Zr86utrgQ8joTpilLXnAHscFaKKYY7npn4Ijp1HMTAKGShTuEPUpvRSOjb4YfCv3s1kTKViiqdIFShvXbwB3ZWLfNo6XVhKFA4jWsppvclPgWhdvwKTGOxmQloY6PzLar4cOUWJXv3LoXQW8GFzPBYLmPU4oIN4JsqxtnUroAWYOrA6S8UK6y2t46iCTQTWyge1fisrTWODrNRm8Yzc9y2BjWpVozMO54WmMtrjWxsL,368990
09/05/2004 12:35 PM,23236,741134.863387,saaP2wku5UhDtRZEC6LK64dEYInkqRUIkDMU8IvaPFXDkt6lydWYY1PmwOxlJqnm2wAOnU1111COqALo2U19IbOhhZaT5FcsCR5Fj46UDkgPWZsHcX7FD4nud5T4YC786AVUNaEfHOqt9wWVBZg3ddVqGa1WbtlYMqwlFrFwsowLkAjKjHd9WadQF8Z5HWIJxhsXx25lOe5F8pPhnFAWXMz8kVA1DL91oqsC9aWDcymTxQVg4KPP2ejbtq96gf38pxqotnwtdWivNPVnlI67rGDPsCeMZcCSn7328TQZ3ZaI5wlMTiWa4wa2wsIJfQEclcrZU7mVZC6tAvBPBoSqOkbykbAVOrWg4kt9RFccT3vzVLLNM9vUFyTb4bVjtT2pkUlJE4ld44vi7xTFey1XXIWKztmOnnjXhFRYeBQ9o3dVG8go721RyInEN1xyMn9EKIjxN1rqp8jaqiFRNqbQLnDYmVSMEYhbKzar7pP18IVBHeCyOPQqm5bGnLzur2pkz2k4yMggMIVsHNdNOoti3gRDRzin87AgiWxmNE3VzGhSUTe1ZyzS3CJqV2XJMWOvMr7rgOAaIhCUfa4EK4OpZVVsah87dFiOkwtaSDFINgOon7PTYCRbJSKabLKEZFzW4y6Qxg6bdmVCh4pSpf9jGowb5eOuQPGuKkT2scMIgAq77NVHgQnqFh8ilVMARCDcUAqNZgd1rIJOoHoA5EJGqgbgi9mo3girWJksMoI2vrR9jtm5jrRdhXDNO1N8CFVCdLCdExBewSksG,311740
04/22/1992 06:34 AM,675751,710846.677315,WT,481097
11/23/2012 07:41 AM,282948,945038.163236,XvVFgCuTCvQk894Fq3sVIR9Axwne2Zvg6ePZcIiBkdCRf2CUzmI4P2IWWC26OO9WYrxXMwL7v3eeVtcFmkMDxZPe4GAaODK1jWT9BRp8G4kpHnJWDJuEpP2YOJ1bnGjeQzhdbOK6lpLgFrNKDOKzRUhVuEHuC3Xln8iEkq4F9LTHtLJph3GhIhJHEhZcrFNsqjeM24uwrFNNVJcGM5ffiA7vDHpv6N4OtI1e6n6Uwt41W69Yr5WhaFkNnCz5xxykEhKZv7tj3ziZgcu135cPEJJsxyiKLAO5bONED8HfOycye1D5yYpA9lWeXyH9IG3SzpmYhOsp99zVTixGcN2FG5OdMs1CZAyqcigGeOqWmM5I19Yh3x2xuz4wkpP9ZlcuH34J6GMOZnfCGfG9JnLbulRJKR4GdJ7ARMJUqiJmehsiFRh2YsbmnYvGQpvZNc7GkcJIXul9bC3cbEUhuL2Z1dpOLZx3q5umLRAgrfUgG6k4ptIKFXVyCbiEbakL73Kkk7An8LRzt1XS51ajyYMVvIRXppQKeIVZXJxhFip1hhJcALtaBhrnOzvT1jPJPo8PM5aq1ookuiNajIroQrEkruke1uCiOeVutPsjQHFo5aCP3PekCY8d1j95fvCDCcvD7Wvl6giJHgCEACMcqT7a2VFdLnfaLyAK1Su5g5RoeCEdAGymJFyHGN3mC1PdcFHOT8PJCdLZXwlOJShPQxicdIPAcTBZuPfi5VRDwkfOUQnhwVBuzQddrUhZoGIu1E1VftiUlPMMIt1Jha7qTbFtRdFkqwPTmLoRKa7WjZO5u5rZ4xSp8d3uGwH3p6VIF8AQ4iyVJwgLHwHi1UqDUpxSfVfdzJgSi7WisFhCcORVdalsENORaJ,413844
06/25/2012 12:07 PM,783934,651011.700056,3krIoHR4zjPO8bJXY5VYn8RVBMAymBLz9MnRx6PDD9I2UVV1kuI1oO3qWgkv3QyhfnQWng8XVIN1vNCtmRQ1e6BSDVbQcCtDsuTN56Wc4OMbM37wC64NqstdqWNySMVVJGQQRW5lLrxeRzjzb5fQ9gab9PufOxVETE7tmrzEOBjdFAnDzfqoU8C17oLUYIors9ijahfgQNFnTq2tdSLIMwgYsY5ZZcwA9SsDnys1IiVSlgmrxbkfc2lOkm9es8gveBE3XvDWeERlc7eRUZ6VsWAHus8XCwTI973ExBsAX8vtejGpbYfoGNaEoWaBGVkfSXNfZxO8IxB5sye6SEVRFmtxt4v255u5aHpj9TFYiTLOYmTyD48P8mvN3VZhP1a4CdKLsCyUzO49I76JbD6s8zRYna4DrC8wshBn4mX7tqvEDcHax8KQdGcvbQHQMCUo26VYhjkpZ2b6bGaSELS8OMRAKC9pGmyu1qLk6z2hs9cdFm7ak4M2,
09/12/1979 10:39 PM,15743,840281.628404,fy8wq2DfZUoEzy24jOlEnNbE7CZZFeLIkcMWRe3GpX3j6twAa8Oysyz7DfbI6VfFswbQRZuMUi6sk2soJYCypxeqnPfl5YlDUp8Io5lNUhSgUuzUJkOmoNoKuXv3LBqmuzWIBdrcSWzAUUJLFsDkfV5v2ITABTqN6neqbuRXFNc4fVPgRX67S6UqnFxUwOZcDH9SnefeqnSyt3yg8ftqehcxKrhx1bEz674fLHzeKAgV7MaCzXiZihQk3khwJmQHB5EoqOglkmhMPRuOL1hJwQQaDBDvWSd14JQC72m7QcuZYEpfv5DcbEx8xDTQB5mACOWIWkYXA7nFJf3OLAI2uBGgeyBXpBQVQWVErRzwSDPZiMQvWIhgHcJYp1yF7f37ymWaBD4VGcsyMT5cFPWkx93B31gTeSmkrjgDYgos9UmOZHpNKXyff4OPJck5qBez4noW5PZn1cD2uDJzIRrWBVof3m73x12nmqsM2BcWfWtjsr1PnqS3jLuPCyKa7bfbb8bt18wvd4flALmNWorXFUNl8Uu5oFFiLDuNgN5vUz66npZSPdtFjsfDG3bwmKXN9rmIMTmBmIbfH7AcG9noiRr1oK7BkFGYeicsn8g61P5AI8psgKRcWlznaF5v5o7bHMyHwHOoGp9BYFzPIX28CxZISJVFGvG7jRUVq6OXfZNBi7LuOYRr6IspNyvGqLT6m8S1uh3JPvtpY1Z5UgYCgAFavTM6rZ5Iw8ZG1y7TW5T2MglQvavfgWfvItKSYNLKOQqPXOB7XwpoQXaEaCcmjlSyyYxCukF7CLvcGnIDBRYgN3Wikg8pHioMnLnD91HcoZN6Pg7na8aXZsUHwsM1hXKbHIysjyThgMhonCZyh9pLfHRfKBkLqcDmLulZ2dnUx1c8zlyOvR2DX2OzxhkK5pgTLcMTMC6VUkaMt5BL1LxUNx14JbNLkmJOwdV5JmiAPSxpN5CzjHkwOotsfwJ3bLePRybh2p7gbaF,129428
08/27/2002 04:48 AM,469687,867990.088227,N67HXKA7ukSvpljEi8eXtdGan6xtc8dZw2GLBNjvoaNR4jWmoSoU4SNDHzSmrs9BMABCRMa2WNrczhnmCvM6N8exddGHjGlQNXvykUCToA2kZZ5W1WRgYbE4ZfQjs55po288DQ1fCRTaVIDaaddyem9sj13VSRJGZu54vuIpWKniESuZDjY8A8yefU3EtcThByWAUjVTX6p5KUW9zjtU8vrme77xTvaXuyPP2wCnS94g8QGUbh7rrfcYaTrXQWhay5GVj4sUYBxc9Fsb9wFEhv1g3DUnKgy3zXxYB6aiQJlpgCRhmiq5ErPPUp69lKMWrmBKKU7agZXcHJzVSKBvypSQleiRIEWnikegj9cWQSj22HLWoMYKfpVaSmzPWnhxJkkmzRrimDWNYIt9iEYUHI1wTuBjwSN4BG3S3ZRfPk2NkgIpoypDjn5RXGxxDzIGqUF3MJy6Zkn53BiCcJfs3NVKSHaxwsdOJtC2CcsyV5JT1xT8yDYrb7CKXG9M5AlRLMo8edshJ6NMgjGOXhChoYCqu5pyaAu1TiHPsyk2eFVxpUity5UjxD9TFFxvlw5CeXcZw3xh33JzBOojbWFJ15vsiLyqwHUiLXVzA4UUcOE7GJGLsXUrRU,683409
03/06/1993 12:50 AM,,969644.330293,YGFgP7,647531
06/04/1979 11:39 PM,700609,601174.38236,2Tq9MtZmwPI1BEopUqip5wZJFkfJw9BZba1yCgQnVKVQuEv7xrd4McdO446HcGBe9KZNUmqT53ZiIljqdyAAuPxGz5YZJHzaYEUdIVMOFSme5PB1RTcQseZRSYb7nnLvBcoo2JlJY9TjioTOTEsCAUS4Oh8YRH955x3pjxQNx7RDDxI7E72szDjiOJ3GxoyscxHRmxj6dKX2sLrqj5hmy7ebyosIqDuJxzmRFxWQqowyKei2Y9L9DkbiHuIiYMRacBhPOyI9wrUC9NhDMdublowCyIQ1tLuAlnu1Os1R1EBlqYUutbZOg5ubDnYu6f8surXgVkBG9Jx9y8Z5IxDWGiRviI3Q3UrblFzxRcS2rpz5bl3mlmLFqP7qvWnph6DooJj9QcjezJ5i31blPLkXbPBadHa2skmCizVe1CsRyqUHv9WZL4ziAjY6Woky2fAJRhT2jJVYKaLDQzl7GBjtXlr2k7I7hJSQ7gZMnBnwGMlpyTyeTdvHAjvPipZR2qfW2Nza7iztCjn6kWE8yNuYuOvHKQxkEkvjdgq6LWE,138271
12/23/1989 07:14 AM,191085,530422.065908,A5pdNo2q8ZrhifB6gq1oXo6PxPsDkSwper8hR8kA9z2u6dQhP7WGScRPJslpfXuqITJFhrP93St7m6OzwELQhQdgmIU5c6KPLdWpHrSIPPcUFFUAqMWczGDj1L55IbdNqkCMVgnollRoLaiPE3YanoCqwHDgQld2YUCDqzNtK32l59iNyX7Ef2sxP3mitbjL83noHAOMewzEIlC1jup9GBEeXWJFUOQuDlHDpwOUcThet76ppqiYhHL56qB4KiQ5nPi6lhgkOyItdD55NGDrPr5DNH8LnW3m6WLL5BdHDpSnOiOqvfLuUs24BUJpveXY46ojVGA9LEXK99YkWkLICNSXuwMg2K3Ct8RRVSTRocbPpddYbZlj6GacleIT1Y5gRXoLCJJQ1P7CtNtZuj6pOoRUdt9MB2ES7nIGj7SeyqctO4Tf5GwI3vL4DS4L4lPApgE4afcQFrbf9DHI1gsIhRoc7yWelqbgkwfubJrhtxSiWjgMRUISsJSBmPRYsT5brHCr7pFZcHrY5ANZjKBQgjwAE3tjl6yWBUbEDlTEnyHwK9gj7K8eLjx5Nf5i6QgpgWoaFOlcceOLkeB99pPJ3oWIJOhpRMbGnRoFkODrjzvpnal1bsRAqppbiHuMqf36Fjvlmy5xzK4z9puXV215o63BVxhyphDwwj3afULjoB,967143
11/16/1978 08:30 AM,116134,82307.8619607,ZCHV16hIArrqjNRNjGtCZwxxmHOYWFXyeAOTUHBq7w3cjoDNcXV2LyyIGa61nS6CpWb9PWePdXNJ4KvDn5VvhBszCyvLOKy6NTnkjUfTqsR6xHBN8b2HSzgmm9xKIXd3VHBHBiLY1BvjhbxhyXntHFgP7WAgz2qjdOl5UCntpVM8zC6AGNeiSgvHsduQPKxSQLGj7i5hzbMTOydSqGtIG9X1AJIIJntqvgdNSt1SQGMQ5kKCikK9YJhs7qSDMk6b82QSPvtKaj2Q63F8wFTjtvyn6DUdMSoGhWUfbNXCmdHilb5Rxeyg5qoRQ2ZQIKulUQCfL9cApAULXt7IHquZiQ7djFWe1aFfsBZHuVnSZIEao9SGoS2HmB1IAIPRH24bVZIDUZJeH5OZJ2y2pABQjeOGVMedMmBeKVMQSIucgIu3qBEfSKOCuKlv79ZOQfryHRXNPyQQp2YFzfVanNvMaVkxCRjA1d5GWzlo2wvc6TTWqEnYWzFfWQ3UaYqGLADXyooVxbwvDbVifTp2p6yIyVbHeJbu6RFBde74ttktAmAk9Go5rEGVxrwKt8RXZMa4wBUxZwIvyBTCdwS4KCiRlqX6DLpQZ9u9qNbJBDIua6zTtsv4wRss4iWL1wS9Q3JOKRCDPqw4oqptoiyurbooctLJc212CByTInPknbi27UXDUCtIHBVqVm1vNZAlWyJlgrsvwuVIsWmOyp9lPb8xrI1snGvJJ9CzHAqXBqu1xzSgM2gcjh537UGjcWvPFAbk1xTwveLhY9entwRHMMfn3Ga46Dpft5AyHRTec5bsTlIiOqEPRaXPMhpGfoxv36HgFpLEhUwSQGpst99RfUViXONrtXokffiuYwAcWuBHMbFanlmgHR7aBy,195779
07/09/1989 12:31 PM,59536,910028.359324,WRrjnLxfVzjDlM9DfjSA7RBXtFJEkL4luLlLwkXB6qFpb53rhAPsFpA8uya8HL91QRvC8o833sKxJpsw1NijI2WgFyslHeON7RvG5DRuFvqisYcaPQQIFrprdubkFvn3Bbc92pULl3xdwgcyHQ32xIpTqJmXYOEUdfAm7AECl4LGrbSpwd2QF8H4nyQ1aeoNorILh3FAMJZkMeAO1MdPzLWiZEvuJYkU28GKAQ8ygbzCIT2tgBaTJ8dO,582108
03/27/2003 05:01 PM,931434,278348.646236,IizzSd7ISgjUp74iUVOXW8OytOWxSHhwDiQGnKRSMwgovK9Vt4Na9Gag9rJvGlpDPcvJ7ia4B,65739
,401972,832957.210089,zuIXN46EcWIdRsr4qVFC9Phytdegaf651BsvaHe4eyILJXnTtYTJ6vnqhQvuSYVPQKaOYxGKL9KL9mYQy4lxW4qjBHxkpynjCauIZngtsJyrI7aQGFP4NkuxXOhbF7Vu6IIRjLk4Az3Vm7fezw2CY1UaQNDReFw5tRws95g9WTNEZwfpXbkddeT7Oz42GPWtCpXpZafUaGpfeffY7BXfxp6LqVVkuDHFfluiFzWNANnJZkxjd5yB2ax7YF5NNzLnfCnYfZfYm54uhhxPIow6dZmuNjplj6g7r3HB4uidXUd8wKJfX6BtdtsFHt2vtdCxQJAyOQ2Lf16SETdP39q4XTqcwAj9voNkX6mhrGwpW1EDLrVMI5EGpiFA47WgGHhpLs547qamHGaeqpVgd4hbQxPCRI4tWfm2PwQAbSp3ywXSUaviYkCac6InbSikwoAzURNoNavE4ZB7piujGQyuKZBRvZSx2Rt5fzM5MCEEnead1a5yi9Cko6TXH8leZ6fAzmArkVeRkDWiNc5iJNOEZdeyVNhavbE2FR8HTi96JxhGQwoqcHjGoeFed6NOQy4wVen6pcwta2JVGkXJrA7kCWcOBCMKJ3kAJluXHpRSCdeoI5bhDmPrGqBxFKzcvCoC5SVEaI6Z47TrShQwxjoVuizFfNqlGhA2st8rJ3U3lCRLf8lvmBXrDYR,816549
05/27/1990 09:12 PM,717231,301170.853196,L9oBb3UdOTzNLeZf1xiISHNHxYDokwcMddmCYsWgqzE8U2h3qog2z3YdcWXgwKOdCXdqq7sTs3DN7LMgEKIZCJ4teZPD48Yk2NnJKdUfkMJ2OXxtsvj97fZlB3NctXUvVswzEVoMQdOPpmT7QTCI2dtXjbRw8cx28YXBoLWbivHWaULHH1QYTaioqB2lpqRk4n5lSiHSVQjSwPcpNa22QYXyRZ67Rgq1rUgX7rqI3q2lHlK3jxkdRXqyCtErzOSXY6xyVT3HHDvBOYxFKu7K7ksDxGhMMIdGx7BrZ38SZFsPj7IyXd7XvSRj8t1N3zuLdLUPrfUKACkroCc8h9CxoDzbhvj2vykpbrhkzZdf2OKlcLaVngPpLT9S32bayQsc93I6VQkASmgjy35Jze4HYHxUYXbo4L5xBecR21DDrt1EWWglsPjQcSRlEwhohkZhv3O66MTkXg5LqfgmllLtL2CNIKwb26xpO12FQrvkTsMxnoMuhlmzmzDIWCjpcc1kljWhGYWFSCxHJ2um2J3R8WkQHNO1Dagh3fvJ6sPA9JhBkFgtLFiMqEoDPJanGHsdwNEAgqOF5qpQ2,686499
06/27/2001 09:32 AM,130535,582124.37817,6KjNgaJSSEeJoNNvAAU4Y4LU9wrPY7JyaqpUCDVxyIgkDPEsQ3AKbDIwnTQi8XWfLQK9ayyHTpx1ckvIMt6p5Xli7DSb66SKoFExXD9TAqhayQ7G875x3oXlZuQktZxH4J9wDdMTG7WCxI4XBjXlFSUL58Qx34J7SXIJa4ST24iPklSRNfFjP6hz5qkOqO6zrX4XoIKwAJEVm1R6GVWlHecPnIGV4wT2U7qOgbbdwI65AzIKXbfKfh7cM68CSCwBaFH5Q3KupLhcz7gc9eoKsPfcewJSKyWoQP1BM1FCu4PmghiHvMGGtq1fEstuUjB3yuHxD1Ngo19MMFUIiW8YRE3GXlyGPK6xaSsw2CCrZPcV9aYJsoim2a7a62An82zqEtth7PyEaK5CJYnX9w1CKMmuDN2YkP7qtSUwArY7EBBhA5yVDhgKmrsC3F7CdGwKIAx4U2ckUhMcUoYoN9ili3vM8Uit8qHqooLlVIGB4XXKaRm6qSfXhHgGT3GFZx6fablhyIDnGwtbWPVpJ56eLpVT5tUZNYxyWUq4bwZ1TMGZqQP9JrKXkLkpl6eMrSSjVi3satCN4O1iTCW7IUeND7RTLd6RJGVhGdvgotWgkDt2xAyMs8bTRGlBXEPZj6rTIFQibtPDekIzwxHOA5pe7t9QyPvp5uywWucaVhRrQvLtwbxvXUIsv7e54yIudMqzzQdqcbykXzXdMsJQGTxKCZ93bxiEqWFYd3KiMucjVCOQkWbNoMKinwIjDGDss7vTJucJ5FgTkSQr,955564
05/04/2011 11:52 PM,934223,307217.130222,T4r8CSdHcZmZqUU7qZxnbG3J9dFdooWo924xoglJfo8U1Xco132LrtVrFX8h2dZVCFNO2cCXwFW917T33oPycYeoFP65grLb8EOCMybcsbRi32kFQSDiisumhR3GQUf1EtdLsr3H5qwgy7AQoxztNAQyXMCiclQxlqeZwGzLAvxirFkJtwTF7Zux5xjdomICYDzUOspJ4ofyAMb857LHUU7BEDWsPxfnFNIkkwRT6EdabzzbX4gNVs2PvKJOYnM8zymWISs2REjaQ7rK5BVgQ3HEZvdn9RtBrSluyJRXIHdFL5ewMt9w8wMeeK28Hd1SeO1C16bxB4TqgXhMkN52QmuclgWBGuElOiJtpYnaXOZuqY6u45hy5i9NFTUfGlBwZCEe3fw7dDI8pPCsnosCskB9Kftq7PYANPwPiBnVKTTZ4CkggFW8pffxKCAkHhjyxBELnCQm3rSD7CRMoN52pniB19LzfrQrWQcsYfDpds9atTRL8LQH46X5tuO9CnLFbfBClhQoNRuBxLYWTnatuXXGL3Ns7Z3tuRf1QkvqQFWwtZrJOxD5nPgYQnKRvGnPH6bISle3tnZqC7Q7Dn4TWtMenFcRyiZiGAX4ULjqEUe9Od4F7NeFlRvIBs7UnDClJfxI5EuvHThexmZsK7NaMYaBrCXDRFhMoIaPvrfJzYeXttPhQB59y4Gyh4HvLBQtJFriU6uB3VHWzRuYpEPmIzQRp1HTurolE8pfDIWsZQ18rNLEMOxcmLxBtTC9jH1irjGMfylLP4xN41JZRjWWVhj11oJITL2hEGdutzMIW6aCbzFVewZN54YZK6lmapDy2C8lgvSV3nfIHCN1dhKNXz9fkXVnsVBsgXDHYKFWApaDabT9STICPzCLzxqLGBPWs4bAPLyGveC5NWMMeLHWbCVeB9vvoR8uoPRtsyFM8LkovZO5U5qBPjghIdAhL6mOWJ9U91WRhRxPB7bsfXfbaNyzeL18fT8fgSRX23,
07/19/2009 01:59 PM,454368,403165.837229,HWLFeYEVRAymq34hv3ECb2eNPbDNJuZovpfpN6QoxBOKjEpACZHpqhT911S5WYMt3PHlYfT394F3IbleYMqRFwXKrEi8IkuDl6ZdVpwTFP2QEtQGo6ZtCvlt53b3NzjLJk1ZMBtI9CE75UbIVBeoM7Snu3Dv7tXTzD7w3a36yIKd8mnYawNHO1lQj9NyYIOqYkvIpL6IW8TpazQNEVyediqIlDRkjI3JhV9Bf7UPLPZ5I4g1lSRXhhjnfuuzqbzxSvEbeLo2OcTfeY4kBWnnanS4uHNJ4ucKAOlWwgnwLmalLDJh8LYzbrG8nudrhf2vcBLELh9X6ZafYZLvXabLQSqaG3TlplQIp5,225818
09/19/1993 10:05 PM,288810,343832.149844,pVULNFwvybvWbDsDUsS7I6,445808
01/24/1976 04:56 AM,83332,815690.698127,sjNbQqZ8maNOgKtSeEBWqTzCuZRz7I79Sw8iIBniLYo65iFe81kTK5vul5Wt7dR8LnPuZlSg4KIBxSJEJ1fbgsFU7sWPtb1mEofQphSEz94sF7dybL76jW8O5zI9CfOOBrXtCYCtf6htCr2Lts6S7wHwraO4Qhlc2BRvqMLQe3ZKN8ldX9QNJzsbUj2yJjtfa8hHjKOWHM96FjRlm4xWmLacaVfSuKXto8fo8kCwKldOFAu1Jnaiw1BOmDE4miuvSEdooQ56WQCOlSnZWwAychpRZeJdclfJ7J5WGcA1KIi9fKXih3CJUFMQlUSFlbkNQMrdhvbjaNRMssWKYo1BdYZrPkyLAeGaGIkNvnvJklZT2rNfBu9wThqJK5sPhgLy5Mi2Hqhwm35vCUx9tGg1JIN3elpysFbeTgltkh7xPqOnwiorIngYHLiY4Vmi6Pl9yfGNiqRrPyEGi8xjk8kWUpnKp1fg6zt8KAwkGki1JUAZxpveRyOfNYkhMidJiYgRKf2KULlXa3YvskHPmGvNpVgtSAgZikdN2NOIX9UNUwu9uUhpIaEQrVGkzAqL2yA3K7fLvHhS1xWPe74XKsysVxeICUtZAkPg8WyvU7U6QlkUHDxJOYtPLw1rHZ6hcNaNN6BMihKY79ETp9ZGpL6OAClmAb7o1qYolFGoBQ3Prs4Yz63nEmTHCF8g9X7MIHbrGJrSxZHgyMaKXdubldvmNgXRAIF9YBNJceUsbRbun1eWIab2P5XcceGIiidEDLch622Y6VX6npVBsVGB3u1QEipXkJ8rJxTDi32X8Db9,471790
02/22/1995 10:16 AM,592128,100594.639079,Cfb8hOMOZPhZhme3GIfAdGbu9Ip39wd3eCjXcrbdHlW4cZIZO9rgRBH8u4plcaz,396174
07/13/1987 05:56 PM,108594,462266.534828,viYVbjV3ywBGAATEQQ43IvO2iIf1O9TvFZulH13D97W2V8JWCpCiFY9tOezbI2123j8P5lb2oE98j2mVgFYEUNvD69EhN61A7uNMS3xfBdrxOCI9WQbHAqQWJkzvwQoVd7TYO24g5STfjTGdNS99pYSTWLpSlr69BWhaFcn8nOvurmt1cxi5CNcLcvyKY31UHWQWF78acMcYANqJ8VacpriX3h3poB4FwdmggXfTnh5EGbRPQtXyQN5AJ8BW7m6iJqx4sdsLlT6HrFt6bqztgAV5ArXpQmCdMjOsXYyzOmdKxKjTRnEeSUG3n4UfGeMUYkHnGLPBTU1GWSIN1CIvR7483Zkv1SvXUm77LOKVfd2Tj9OwSdrARH9PPRwFF1u2sGKlwbn6v8kfkMujQjiAInDG2mnyRLlhUA1eODfyPQ6cR6MUN6rYB3wSVsfMZAb5eqQi8gY12IKNQKyzOj1flZzbq67Wbawn1zssUJ1xgj7EDzMz,324845
04/10/1998 10:23 PM,463332,,1iFYVSBng7ul7e6qw4tWOdHU2FUmFJmaxMCfVxFdI2inIVzaBb9ugDPN36XL5JKxMnX4adujZeYkN58JiWWxWKfXISAQPSkMJVPIQ7xwTbeVRFko4rCaWP7bfeNQvJLRc5kSRTFtxYayOyw3LnBn5OpPDZcSAtK6QT4JHl5ygm4gUPI7D7k7Rr6LiiXJDKrsUTWFiITXvTl7TSa4UQNGJJssIP87gykHlfpUSHzKUTOJWfxCBletMItnfdJuIhe1oghuqB4FME2KqzO5kVXlD89RGGaDOGTGukuWTIsbirDFtJpnVHvupudWQknppNNjK8ceAcn2HGaQpUR4taMnVyHoW22KhVZhg1fOYWXKGz5qjhSFH8LwBD6E1hgajY8ZWCC5bZXSaYQg7IOJBSS9bnvgXoYjAVmqGor3UfzPi4DrYv7wehA7IljkIU6OUfA4EpJgEHzsQC8dAsLUspW1E1qlv2hxAlofv8j9Zi7ZEtLUiYArlpCTyZysAX6YwVmgAfxWaxBrz6wIYqhDIaAlFKeYd7MS1XLTavrnBuCJoV6QNEebcsqxJnKu74JA4eR5ioGz6fyQTDLdPL16EFOkev2GB3ESWoA75EDIJ3WowZPMbQKNU7d99O7ZTPdiRg1nUxy7sSP7nxlaJdMFLMJqWZbdVxh5Zmf2B9WAUzvdmwQME8LWRSfIPnHeDmkbBIFVUeM6V6aypRSuv2GOVXIWEIc2z3EFYHehsZM4xc7a9wqhqHaAM7enWBm5gAsgjweEguMkQyTABfAUfWlzEuTbpphvM4wiQC8l8cQLz,247236
04/07/1997 01:22 AM,258926,354122.296497,JMgpR6kchrR1o3qYCoYWX9CpoG639VZbQyBaWRXQmyz6C5FKytUH7NaimPgptZdv2rlQBbrcdCSc6iTTIFWfI9z7fj1U1tZ5CL2MOnkjy1AUAO56HSfVaJkSFkViuvLxgrfRBE4E3OwVqUwCxkBJYRMHe4KhA3PFhr7albFKXc4v4mc3DCRY25dVpjfuIi6SQLpvum4PVcQtvGoPDIo3NpkMTO9gCkVOHhx8bJmMrDbtM6wtjzjvCmG9SyXh6Opy1HUP6lbSbTbQIJDhmaxmENzkWRuj2of8VxoIbLKwUmURSdArVL7nUNdcLJA7vtqi6ipkCe7uwCbEc3zEaMShdSBnx9GbRGyDNtXFFoLlc5ksRGlmZlCH1TRVNGBKCiOv5y57I3yw5hfxRoXW4gATzEeOOAk56JJDnquvTyF4YeSoPCcWQ8BRCj71KL3jCipzqMrPStyLSaqEOjPQeVexitAE6dpJJq9sk6ndaEw16CVp9xgmrkFH815p7vHZkCMQfsuQWFkJA1hitTFw1T5oJxxuFtIF6lp5QokdijUmXmcchlgl1rl8F9s8RyOy1kRr3lmi16oZejsC6NzigVraNRfcbdUtSQdUz8ImfiGc29vHRqeAiNe15cFOkQLJsczXf2zsail7iZJKho8vekvXZtnCgu5nNzmD6GI5QRjaNLALCWp6EFn2VtcsaCyH1qQN8u7TZwMh1FPtFIl3mYbHMIVFyhnyU5dHhxIO4xF9LmBIDdfauD3jaaS7Xt9jdEoO3nM5iyWpdDEWt8POTcjKLelwWaPURpya44s9mbmSj9Mm4TK2dCrEVgonuFTaT3Q56QLrwLjKBc6G6XHmCD,513964
11/03/2011 12:23 PM,539291,33289.487531,gANWZCLLDyCwLAhMrESb4rmGLxTbsuhe1nWcNdbztqQniFit2aZhNgTeLSpncDwPYdHIKdUdW2bPUyXNyVO1wLJ4jWlnjcJtqebyP9tRYOQe78W5Gaxkc3OyrBHmjez29TuIazYNBwaGNZ8C4mGJY7DzqdX4UDY3lGzYFr4BxVYWBG7XlWD6rm4Hhpf1AynxAsIFgKgu1ODr6basPllldIJSAAQV2gO6AqRTK5Y8jKiVGBT4L5atVrJXPQorbzyZzLMA77SxJtpCe1JAeSJXW6gOepJhHIjM3lqGn96EXYSKw2T7HxYTglV5fOjqBX8rutZeojFh5glnfwdDy6nxbU8BMd448RxNU225s4IlcyTq42qGdlngVyWnZ38Qw2hTyWXvy9ms7nvVnevSYZxPp5RP99HtqsCHKC1ST6wxEHVPNpwUKp2beUPdx6fliYqj8XnoGV63x426BRRxpYyHy6RCGbBO4DwCAnmqEhZet6E5L5M1jA6xK9lUrb8aae2l5uuIh3Zo4qS6LsGAx9OF8dyfk22bgbjQ6kuFqqpj,790197
11/30/1979 08:21 PM,477770,879713.437525,OTmMpodYY246uLUe7ffAwsU1t6b7QYOIR8PPWUtWAaB33f8Btz6pEdAdg1qiSDsZiLSBjW8qUlZasoEzQ5UAOSlT2BM7Hssytw3EQwnmD6xxd2ogedl3CXoREsoVtqDXYpfMWUSqQbTE4TA6EYXtPdavwmRLgDAyTgGhOqikbIRdvwH2lKfqjpBZiSyMsA9uWy5ndkH5SyyCWqQ524ZXjAlLJzR1COuRTNxArj4ZiXraMB6zBVNalSjvDkfUaeproTgF5IdFwjhVLSmmcEuS4xi2qF27Jcl46ldILj9XGs4nt9Ify54gRn3fqGW1s9tLWFZ6kLJEjkxtAH6ITJFwo1kLkg4sikV8CSIxh9tLKe6OqaHETsy2gTO7dK9QlftqvNhefVhJD3rwlb9SyQE9NrzguZJtzXdfnZrog8Xjalt5hJPFQaPESAUmkqwXZdQQOfA5qOZOeiI8918O4uwMdeQKtt8p9oRxSgwF9I5C,559611
,263612,543743.442168,BJSOgfrexrEhPCBeqbKE82nFSJ1AgHLneqAgzcx83VzBHfppABGsbOuu3GqB4sk7dPiqkuDm96PaklKjVWjeJMYLUwyUQK7RnVuIJaczLhYm5AuLCj6lAapK7uZwoVJuAYilehBXW2BmgJgZ,995098
07/30/2011 06:57 PM,428395,667179.221443,iobNQgLfgCVjwRJEHlFruLnQtozzqqi4chitdOSjtqKTu1SCdqWNPBSUcYc4YsWbL9RhSxdNkEjNkcNv6AvP93Du3ymimDEdFEmv3F1SoA85AcOCWEEjXhLSue7aOvSVTc94KD9LUQkvv4SvWEsaYDwqNNxFmjq7USXyGO3m3N7vz4VVfkws5LvwlpdxeVznphqpwvy3mIkHssb6PeNRp5dOSnnubGHtcn68m7Blywdu9D4v7F7AkzOieANI1CdGDyM6tUu9XolAnWGpAoYJFVaRIdOb3jnMPGbsV13tpuvx9MvzMvXwFFZ3NLCHKSG8FlmVXjmM2kdb1W2IOgyOif4bCCqqcfwNxCB14Yz7k4vxK594k6sa9amNjzPeGFZR5Z615DCAzf9ggXdKuTRJY7gbV6ECqlqluWw6554JIAl7aTMPPHjAdzCsRMI7sb2mTTVnTtb2cdhXgWWfMyOcrz9UqYsauy6ztIZWhXBEwTLrZ2S2o2HVve37MiVwUnbcJQChxP3CayLlQVLIdCdp8NMc2ZgLufJ2uDVDDPliByMEojHo1W2ijftYM7HJbK1kUFomCoiyv8w8E4jmgNO53WDKaFrufOHINtuNSvkEl13qfoZWDrj1xlhwU7NKoyGRoLu5NzTgklDkX6PyeDi1MYCPd9Mqxe9cMX8hdvqTVackrIBCh9vC6ZTnKQl9iKOD6T1y5i2J3OfvACYVpgcG3pyQoIdclEt7jdoQBnvwjvMThPzC5XXhgwKSW8ya6WvWSePWFzOSj556XjLIhI,51323
01/11/1973 08:39 AM,862776,389475.29239,IOSlobkwXgN49YXtLeVTgFXVRE1l1eYwfgay6ihsfQqo5ULovblQDrdTOmPiyM6XsseVtfW7PELp9UKxpuFDGNlabM9RiACl1N2MrqUaH5fD1kyKhyVKhRPSfwGNuLUPNQWtrjNRSeCyYegpIHTD3GlGLvzrE1F3jOfpZngbU2WOa9364Ribo85SZepeUSzaPlIPgHeiyyp81kRpvZPqZC3TEDkEM5dNQk917PaHANWfJg71H5EboJ1vYgGOnnHHPN2WaosZkL8rLSarCZbXxXOGD35rh2sOgUSLuxsjjUfSZsMdff4lKbnhvJ5ZrVFhatGUOx4n9QXKHODMOrhrvJqDJgd7LJzLw5R6bbm9PRx5a2QA6w48oNkJOqt1A7p3v18EzF78quVvM1yxvYjulyeU8812DXnCjB19IHAjTqsIJVP1w6wDyg2QaZHeakW3bpVzuu1hvnOJHX6TikNzTfmnESYaMqN5eJrsoZWMkRxMNjrKm4FgwIhUsIFYxfCAzecrKDjZtE3eTpx8bkE1xg6pUv2qS9TtycJFHlgc1nf9I2hIA9m7CD14vai2Wil5ZJeAvNHYNBnrNLR1jKPpA6fDkIpIafuegi9tQAeCLpkfxz28,779970
05/03/1992 07:32 AM,819384,306325.43505,BpcSn3z6S5Sj8VlPONiX4wnmYwdXOOSfmI5mqTyQwNlKxkmKbo4OclKum3DuFnaFJgdoHYQ6KowngvTZyLZmWT7zXu1Qq5PJQP9eoN2z9eADBcDWHHWojwJW1dVtwdK9JPAMQ2OoEYp54Ga7Y9tAx43AgAQupiBb7rzqP2uiF7R2lZ2zfz8yRZ3gKdcCYvIT8XDpMX3hCeLdlebo6yFdCeeBgNmvXSwC124EonOCbFGMGK4C1G4mhDX2On5oMCsOZWw3swIkaNZPBXQ6rp2tAQSIbtJSOzFocqTjUogqLib9sgbddYVXgMxSwIVzcatjIK8pcPeYJvG5eJTP3CboLP8p7tKxkIXgLRTCIfjxKfVeOOfjIfhaiW5mZx1hHAYO5zKT7H1zAjD6dBJxLA,300508
,110538,,LHO9ha4j89DwBr6EBfpGIt3blDge1jiY4Noy1X1kNY71mslmPu8HPfyVzMIah1O2s9hkG4FZEPMKsrKXvgmW2XL2EbQuNTEZt4gXhl52WDUauZSb9bqSrJbc1GCLkvKbS5CfLHZeIL9lqkSV6djYf6iR7jXpKuEJtTd8YXlItveLom6X4jNNSvllMYejQhqQMfdjkPFX8E6X16cJ9uiWlkNhMH5RpnBwPXI9mCNMTywDR1q3v4jxlVIlbtvfDEeETNFdaNtlcjGeduE15hBFD2NiG2W8iJU2mEQxhXZ3XaUtEMVvcidfVb9LdmWnXEsqkPQnthmmW1ttTdUUj2KZrP3GzihYiW7TmfD8ksJV45LQp1F59o1z6aayPzh15R4OjlpcdsKIaSyeKLRs6krihhGWbsvpI3HZXf9H3eFxvkCsiFxpcyIuFRyBbMhD2ZnmpfolUe1nwSAxLBbj9p9onvIIFRU96tt1o4zIW8EN1mrg4NOVGmIIZGGPxbfj4B3G8aREyHyI6NhHpNLZSx8m5cDKbXTMTruiHp7lzaDhEISTimIWBxXYytutmTUgaiNqtRBKAjCdxL4CJaXUOO,707471
06/28/1999 04:06 PM,66235,561960.973146,Cd2koqp77mUXlozFkFS7ytVOGO1HAvGzhGhvWnRUrUyhX5WfbWTubotmjWTKNXdb45JbFuxEumQi4sSmG1McQy7MbhrXhpSJwglJ5jrvSZGnE7UXyIbLnccwH8jmHTTdo1HBKS5hPbnOa4kPF7GftD8SBrPPJU6MXkG4fD81DRoF2QF93jpEInIiC1ivMon31ApfzlVOlRLF64ZuAraucJ2D7kmBYI2QKthVC6KivWQLcSOak5sEm4P3y281m1oIrW5Ad5fHxzLjGP3mmQPzXnFSt8hsv4Z5Hn6LsLzPTgN5OpQpFhopTAxCNC7zZxSOLRwkM1jn1U7Bn5RJGwW13I1AATF9jAuFHwsG7vu1ozIzZg7AdNzlicgRYZD77KJg7B2SVSunieeMybNhFFhpgYiwgtUilPIC7mdMMJR9yRhx4MuotsQ9aqp3SihQAbeRUeSwVsFUM4TgYYVyrbsjshdhJLwQs4mirHPeazWBh1l841jTwuz5pRaQUY4Jo4lhoE46s2cZHq5PJ61yHSZjd2pJ2bHdi4K6qVQp7WIpAuXhaB44i5MjFhj6GTRQHwFuHJVwMRcJs2Vhu9bCpLUBrbDHibEisKadG9LZRVfbZLK6e46ZJ34rox6QXTmHMv8IgbeFkxw38PsmChqG9NZSKWnSEwbM7pXa2yAWgKozybCaB1PVwGLa9e7AFmF62TScbRBIByYl4iw7DeSqQVpB4hcv67JfCubTV3oDihKRiuTv8e93iS7ovYNwkyQmsxl9MezV8paPzxV2VG2oJBWJoeCDwL7AU86HXnxLqj3VUj1WyYrMEGW2Nw3thxwUAgvreQQAljKZAuDTAISkovfynHpgMye1fw6ThLlRqeYCUH2Z6H5AKri9MDWh9NLnTuL3Pq4wygSv3DVaKXdIo2I1TVCzFO2ZIjLcEveLXF5TFl3TEIvBRmgbksyrJlU,
